"AN,20200131,0,0,0,0,0"
"AR,20200131,0,0,0,0,0"
"AS,20200131,0,0,0,0,0"
"CB,20200131,0,0,0,0,0"
"CE,20200131,0,0,0,0,0"
"CL,20200131,0,0,0,0,0"
"CM,20200131,0,0,0,0,0"
"CN,20200131,0,0,0,0,0"
"CT,20200131,0,0,0,0,0"
"EX,20200131,0,0,0,0,0"
"GA,20200131,0,0,0,0,0"
"IB,20200131,0,0,0,0,0"
"MC,20200131,0,0,0,0,0"
"MD,20200131,4,4,0,0,0"
"ML,20200131,0,0,0,0,0"
"NC,20200131,0,0,0,0,0"
"PV,20200131,0,0,0,0,0"
"RI,20200131,0,0,0,0,0"
"VC,20200131,4,3,1,0,0"
"AN,20200201,2,2,0,0,0"
"AR,20200201,0,0,0,0,0"
"AS,20200201,0,0,0,0,0"
"CB,20200201,0,0,0,0,0"
"CE,20200201,0,0,0,0,0"
"CL,20200201,0,0,0,0,0"
"CM,20200201,0,0,0,0,0"
"CN,20200201,0,0,0,0,0"
"CT,20200201,6,4,0,0,2"
"EX,20200201,0,0,0,0,0"
"GA,20200201,0,0,0,0,0"
"IB,20200201,0,0,0,0,0"
"MC,20200201,0,0,0,0,0"
"MD,20200201,9,9,0,0,0"
"ML,20200201,0,0,0,0,0"
"NC,20200201,0,0,0,0,0"
"PV,20200201,0,0,0,0,0"
"RI,20200201,0,0,0,0,0"
"VC,20200201,1,1,0,0,0"
"AN,20200202,2,1,1,0,0"
"AR,20200202,0,0,0,0,0"
"AS,20200202,0,0,0,0,0"
"CB,20200202,0,0,0,0,0"
"CE,20200202,0,0,0,0,0"
"CL,20200202,0,0,0,0,0"
"CM,20200202,0,0,0,0,0"
"CN,20200202,1,0,0,0,1"
"CT,20200202,1,0,0,0,1"
"EX,20200202,2,0,2,0,0"
"GA,20200202,1,1,0,0,0"
"IB,20200202,0,0,0,0,0"
"MC,20200202,0,0,0,0,0"
"MD,20200202,6,6,0,0,0"
"ML,20200202,0,0,0,0,0"
"NC,20200202,0,0,0,0,0"
"PV,20200202,0,0,0,0,0"
"RI,20200202,0,0,0,0,0"
"VC,20200202,0,0,0,0,0"
"AN,20200203,1,1,0,0,0"
"AR,20200203,0,0,0,0,0"
"AS,20200203,0,0,0,0,0"
"CB,20200203,0,0,0,0,0"
"CE,20200203,0,0,0,0,0"
"CL,20200203,1,0,1,0,0"
"CM,20200203,0,0,0,0,0"
"CN,20200203,0,0,0,0,0"
"CT,20200203,2,1,0,0,1"
"EX,20200203,0,0,0,0,0"
"GA,20200203,1,1,0,0,0"
"IB,20200203,0,0,0,0,0"
"MC,20200203,0,0,0,0,0"
"MD,20200203,7,7,0,0,0"
"ML,20200203,0,0,0,0,0"
"NC,20200203,0,0,0,0,0"
"PV,20200203,0,0,0,0,0"
"RI,20200203,1,1,0,0,0"
"VC,20200203,5,1,3,0,1"
"AN,20200204,1,0,1,0,0"
"AR,20200204,0,0,0,0,0"
"AS,20200204,0,0,0,0,0"
"CB,20200204,0,0,0,0,0"
"CE,20200204,0,0,0,0,0"
"CL,20200204,1,1,0,0,0"
"CM,20200204,0,0,0,0,0"
"CN,20200204,1,1,0,0,0"
"CT,20200204,4,4,0,0,0"
"EX,20200204,0,0,0,0,0"
"GA,20200204,1,0,1,0,0"
"IB,20200204,0,0,0,0,0"
"MC,20200204,0,0,0,0,0"
"MD,20200204,3,3,0,0,0"
"ML,20200204,0,0,0,0,0"
"NC,20200204,1,0,1,0,0"
"PV,20200204,0,0,0,0,0"
"RI,20200204,0,0,0,0,0"
"VC,20200204,1,0,1,0,0"
"AN,20200205,1,0,1,0,0"
"AR,20200205,0,0,0,0,0"
"AS,20200205,0,0,0,0,0"
"CB,20200205,0,0,0,0,0"
"CE,20200205,1,0,1,0,0"
"CL,20200205,1,1,0,0,0"
"CM,20200205,0,0,0,0,0"
"CN,20200205,0,0,0,0,0"
"CT,20200205,2,2,0,0,0"
"EX,20200205,0,0,0,0,0"
"GA,20200205,1,0,0,0,1"
"IB,20200205,0,0,0,0,0"
"MC,20200205,2,0,2,0,0"
"MD,20200205,4,4,0,0,0"
"ML,20200205,0,0,0,0,0"
"NC,20200205,0,0,0,0,0"
"PV,20200205,0,0,0,0,0"
"RI,20200205,0,0,0,0,0"
"VC,20200205,3,0,3,0,0"
"AN,20200206,2,1,1,0,0"
"AR,20200206,1,1,0,0,0"
"AS,20200206,0,0,0,0,0"
"CB,20200206,0,0,0,0,0"
"CE,20200206,0,0,0,0,0"
"CL,20200206,0,0,0,0,0"
"CM,20200206,0,0,0,0,0"
"CN,20200206,0,0,0,0,0"
"CT,20200206,1,1,0,0,0"
"EX,20200206,0,0,0,0,0"
"GA,20200206,0,0,0,0,0"
"IB,20200206,0,0,0,0,0"
"MC,20200206,0,0,0,0,0"
"MD,20200206,4,4,0,0,0"
"ML,20200206,0,0,0,0,0"
"NC,20200206,0,0,0,0,0"
"PV,20200206,0,0,0,0,0"
"RI,20200206,0,0,0,0,0"
"VC,20200206,1,1,0,0,0"
"AN,20200207,2,2,0,0,0"
"AR,20200207,0,0,0,0,0"
"AS,20200207,0,0,0,0,0"
"CB,20200207,0,0,0,0,0"
"CE,20200207,0,0,0,0,0"
"CL,20200207,1,1,0,0,0"
"CM,20200207,0,0,0,0,0"
"CN,20200207,0,0,0,0,0"
"CT,20200207,2,1,0,0,1"
"EX,20200207,0,0,0,0,0"
"GA,20200207,0,0,0,0,0"
"IB,20200207,0,0,0,0,0"
"MC,20200207,0,0,0,0,0"
"MD,20200207,9,9,0,0,0"
"ML,20200207,0,0,0,0,0"
"NC,20200207,0,0,0,0,0"
"PV,20200207,0,0,0,0,0"
"RI,20200207,0,0,0,0,0"
"VC,20200207,1,0,1,0,0"
"AN,20200208,0,0,0,0,0"
"AR,20200208,0,0,0,0,0"
"AS,20200208,0,0,0,0,0"
"CB,20200208,0,0,0,0,0"
"CE,20200208,0,0,0,0,0"
"CL,20200208,0,0,0,0,0"
"CM,20200208,0,0,0,0,0"
"CN,20200208,0,0,0,0,0"
"CT,20200208,0,0,0,0,0"
"EX,20200208,1,1,0,0,0"
"GA,20200208,0,0,0,0,0"
"IB,20200208,0,0,0,0,0"
"MC,20200208,0,0,0,0,0"
"MD,20200208,8,8,0,0,0"
"ML,20200208,0,0,0,0,0"
"NC,20200208,0,0,0,0,0"
"PV,20200208,0,0,0,0,0"
"RI,20200208,0,0,0,0,0"
"VC,20200208,0,0,0,0,0"
"AN,20200209,1,0,1,0,0"
"AR,20200209,0,0,0,0,0"
"AS,20200209,0,0,0,0,0"
"CB,20200209,0,0,0,0,0"
"CE,20200209,0,0,0,0,0"
"CL,20200209,0,0,0,0,0"
"CM,20200209,0,0,0,0,0"
"CN,20200209,0,0,0,0,0"
"CT,20200209,1,0,0,0,1"
"EX,20200209,0,0,0,0,0"
"GA,20200209,0,0,0,0,0"
"IB,20200209,0,0,0,0,0"
"MC,20200209,0,0,0,0,0"
"MD,20200209,2,2,0,0,0"
"ML,20200209,0,0,0,0,0"
"NC,20200209,0,0,0,0,0"
"PV,20200209,1,0,0,0,1"
"RI,20200209,0,0,0,0,0"
"VC,20200209,0,0,0,0,0"
"AN,20200210,1,1,0,0,0"
"AR,20200210,0,0,0,0,0"
"AS,20200210,0,0,0,0,0"
"CB,20200210,0,0,0,0,0"
"CE,20200210,0,0,0,0,0"
"CL,20200210,1,0,1,0,0"
"CM,20200210,0,0,0,0,0"
"CN,20200210,0,0,0,0,0"
"CT,20200210,3,3,0,0,0"
"EX,20200210,0,0,0,0,0"
"GA,20200210,0,0,0,0,0"
"IB,20200210,2,2,0,0,0"
"MC,20200210,1,0,1,0,0"
"MD,20200210,10,10,0,0,0"
"ML,20200210,0,0,0,0,0"
"NC,20200210,1,1,0,0,0"
"PV,20200210,0,0,0,0,0"
"RI,20200210,0,0,0,0,0"
"VC,20200210,4,1,3,0,0"
"AN,20200211,1,0,1,0,0"
"AR,20200211,1,1,0,0,0"
"AS,20200211,0,0,0,0,0"
"CB,20200211,0,0,0,0,0"
"CE,20200211,0,0,0,0,0"
"CL,20200211,1,1,0,0,0"
"CM,20200211,0,0,0,0,0"
"CN,20200211,0,0,0,0,0"
"CT,20200211,2,1,0,0,1"
"EX,20200211,0,0,0,0,0"
"GA,20200211,0,0,0,0,0"
"IB,20200211,0,0,0,0,0"
"MC,20200211,0,0,0,0,0"
"MD,20200211,8,8,0,0,0"
"ML,20200211,0,0,0,0,0"
"NC,20200211,0,0,0,0,0"
"PV,20200211,0,0,0,0,0"
"RI,20200211,0,0,0,0,0"
"VC,20200211,1,1,0,0,0"
"AN,20200212,1,1,0,0,0"
"AR,20200212,0,0,0,0,0"
"AS,20200212,0,0,0,0,0"
"CB,20200212,0,0,0,0,0"
"CE,20200212,0,0,0,0,0"
"CL,20200212,2,2,0,0,0"
"CM,20200212,0,0,0,0,0"
"CN,20200212,1,1,0,0,0"
"CT,20200212,5,4,0,0,1"
"EX,20200212,0,0,0,0,0"
"GA,20200212,0,0,0,0,0"
"IB,20200212,0,0,0,0,0"
"MC,20200212,0,0,0,0,0"
"MD,20200212,9,9,0,0,0"
"ML,20200212,0,0,0,0,0"
"NC,20200212,0,0,0,0,0"
"PV,20200212,2,2,0,0,0"
"RI,20200212,0,0,0,0,0"
"VC,20200212,1,1,0,0,0"
"AN,20200213,2,1,1,0,0"
"AR,20200213,1,1,0,0,0"
"AS,20200213,0,0,0,0,0"
"CB,20200213,0,0,0,0,0"
"CE,20200213,1,0,1,0,0"
"CL,20200213,3,0,3,0,0"
"CM,20200213,0,0,0,0,0"
"CN,20200213,0,0,0,0,0"
"CT,20200213,9,7,0,0,2"
"EX,20200213,1,0,1,0,0"
"GA,20200213,0,0,0,0,0"
"IB,20200213,0,0,0,0,0"
"MC,20200213,0,0,0,0,0"
"MD,20200213,15,15,0,0,0"
"ML,20200213,0,0,0,0,0"
"NC,20200213,0,0,0,0,0"
"PV,20200213,0,0,0,0,0"
"RI,20200213,0,0,0,0,0"
"VC,20200213,2,1,1,0,0"
"AN,20200214,1,1,0,0,0"
"AR,20200214,0,0,0,0,0"
"AS,20200214,0,0,0,0,0"
"CB,20200214,0,0,0,0,0"
"CE,20200214,0,0,0,0,0"
"CL,20200214,1,1,0,0,0"
"CM,20200214,0,0,0,0,0"
"CN,20200214,1,1,0,0,0"
"CT,20200214,1,1,0,0,0"
"EX,20200214,1,1,0,0,0"
"GA,20200214,0,0,0,0,0"
"IB,20200214,1,1,0,0,0"
"MC,20200214,1,0,1,0,0"
"MD,20200214,11,11,0,0,0"
"ML,20200214,0,0,0,0,0"
"NC,20200214,0,0,0,0,0"
"PV,20200214,0,0,0,0,0"
"RI,20200214,0,0,0,0,0"
"VC,20200214,2,2,0,0,0"
"AN,20200215,4,1,3,0,0"
"AR,20200215,0,0,0,0,0"
"AS,20200215,0,0,0,0,0"
"CB,20200215,0,0,0,0,0"
"CE,20200215,0,0,0,0,0"
"CL,20200215,0,0,0,0,0"
"CM,20200215,0,0,0,0,0"
"CN,20200215,0,0,0,0,0"
"CT,20200215,8,8,0,0,0"
"EX,20200215,2,1,1,0,0"
"GA,20200215,0,0,0,0,0"
"IB,20200215,0,0,0,0,0"
"MC,20200215,0,0,0,0,0"
"MD,20200215,13,13,0,0,0"
"ML,20200215,0,0,0,0,0"
"NC,20200215,0,0,0,0,0"
"PV,20200215,3,3,0,0,0"
"RI,20200215,0,0,0,0,0"
"VC,20200215,4,4,0,0,0"
"AN,20200216,0,0,0,0,0"
"AR,20200216,1,1,0,0,0"
"AS,20200216,0,0,0,0,0"
"CB,20200216,0,0,0,0,0"
"CE,20200216,0,0,0,0,0"
"CL,20200216,0,0,0,0,0"
"CM,20200216,0,0,0,0,0"
"CN,20200216,2,2,0,0,0"
"CT,20200216,4,3,0,0,1"
"EX,20200216,0,0,0,0,0"
"GA,20200216,1,1,0,0,0"
"IB,20200216,0,0,0,0,0"
"MC,20200216,0,0,0,0,0"
"MD,20200216,14,14,0,0,0"
"ML,20200216,0,0,0,0,0"
"NC,20200216,0,0,0,0,0"
"PV,20200216,1,1,0,0,0"
"RI,20200216,0,0,0,0,0"
"VC,20200216,1,1,0,0,0"
"AN,20200217,2,0,2,0,0"
"AR,20200217,1,1,0,0,0"
"AS,20200217,0,0,0,0,0"
"CB,20200217,0,0,0,0,0"
"CE,20200217,0,0,0,0,0"
"CL,20200217,0,0,0,0,0"
"CM,20200217,0,0,0,0,0"
"CN,20200217,0,0,0,0,0"
"CT,20200217,2,1,0,0,1"
"EX,20200217,1,0,1,0,0"
"GA,20200217,0,0,0,0,0"
"IB,20200217,0,0,0,0,0"
"MC,20200217,3,0,3,0,0"
"MD,20200217,19,19,0,0,0"
"ML,20200217,0,0,0,0,0"
"NC,20200217,0,0,0,0,0"
"PV,20200217,2,2,0,0,0"
"RI,20200217,0,0,0,0,0"
"VC,20200217,5,2,3,0,0"
"AN,20200218,3,3,0,0,0"
"AR,20200218,1,1,0,0,0"
"AS,20200218,0,0,0,0,0"
"CB,20200218,0,0,0,0,0"
"CE,20200218,0,0,0,0,0"
"CL,20200218,1,1,0,0,0"
"CM,20200218,0,0,0,0,0"
"CN,20200218,1,1,0,0,0"
"CT,20200218,4,4,0,0,0"
"EX,20200218,0,0,0,0,0"
"GA,20200218,1,1,0,0,0"
"IB,20200218,0,0,0,0,0"
"MC,20200218,1,0,1,0,0"
"MD,20200218,14,14,0,0,0"
"ML,20200218,0,0,0,0,0"
"NC,20200218,0,0,0,0,0"
"PV,20200218,0,0,0,0,0"
"RI,20200218,0,0,0,0,0"
"VC,20200218,2,1,1,0,0"
"AN,20200219,1,0,1,0,0"
"AR,20200219,0,0,0,0,0"
"AS,20200219,0,0,0,0,0"
"CB,20200219,0,0,0,0,0"
"CE,20200219,0,0,0,0,0"
"CL,20200219,1,0,1,0,0"
"CM,20200219,0,0,0,0,0"
"CN,20200219,1,1,0,0,0"
"CT,20200219,1,1,0,0,0"
"EX,20200219,1,1,0,0,0"
"GA,20200219,1,0,0,0,1"
"IB,20200219,0,0,0,0,0"
"MC,20200219,1,0,1,0,0"
"MD,20200219,12,12,0,0,0"
"ML,20200219,0,0,0,0,0"
"NC,20200219,0,0,0,0,0"
"PV,20200219,1,1,0,0,0"
"RI,20200219,0,0,0,0,0"
"VC,20200219,2,1,1,0,0"
"AN,20200220,8,3,5,0,0"
"AR,20200220,0,0,0,0,0"
"AS,20200220,0,0,0,0,0"
"CB,20200220,0,0,0,0,0"
"CE,20200220,0,0,0,0,0"
"CL,20200220,3,1,2,0,0"
"CM,20200220,2,1,0,0,1"
"CN,20200220,1,1,0,0,0"
"CT,20200220,11,8,0,0,3"
"EX,20200220,1,0,1,0,0"
"GA,20200220,3,3,0,0,0"
"IB,20200220,1,0,1,0,0"
"MC,20200220,0,0,0,0,0"
"MD,20200220,22,22,0,0,0"
"ML,20200220,0,0,0,0,0"
"NC,20200220,1,0,1,0,0"
"PV,20200220,1,1,0,0,0"
"RI,20200220,0,0,0,0,0"
"VC,20200220,6,3,3,0,0"
"AN,20200221,5,4,1,0,0"
"AR,20200221,2,2,0,0,0"
"AS,20200221,0,0,0,0,0"
"CB,20200221,0,0,0,0,0"
"CE,20200221,0,0,0,0,0"
"CL,20200221,5,3,2,0,0"
"CM,20200221,0,0,0,0,0"
"CN,20200221,0,0,0,0,0"
"CT,20200221,14,12,0,0,2"
"EX,20200221,1,0,1,0,0"
"GA,20200221,0,0,0,0,0"
"IB,20200221,0,0,0,0,0"
"MC,20200221,0,0,0,0,0"
"MD,20200221,27,27,0,0,0"
"ML,20200221,0,0,0,0,0"
"NC,20200221,2,1,1,0,0"
"PV,20200221,3,3,0,0,0"
"RI,20200221,1,1,0,0,0"
"VC,20200221,3,2,1,0,0"
"AN,20200222,2,2,0,0,0"
"AR,20200222,3,3,0,0,0"
"AS,20200222,0,0,0,0,0"
"CB,20200222,0,0,0,0,0"
"CE,20200222,0,0,0,0,0"
"CL,20200222,2,2,0,0,0"
"CM,20200222,0,0,0,0,0"
"CN,20200222,0,0,0,0,0"
"CT,20200222,11,9,0,0,2"
"EX,20200222,0,0,0,0,0"
"GA,20200222,3,2,1,0,0"
"IB,20200222,0,0,0,0,0"
"MC,20200222,1,1,0,0,0"
"MD,20200222,29,29,0,0,0"
"ML,20200222,0,0,0,0,0"
"NC,20200222,1,1,0,0,0"
"PV,20200222,3,3,0,0,0"
"RI,20200222,0,0,0,0,0"
"VC,20200222,2,2,0,0,0"
"AN,20200223,2,2,0,0,0"
"AR,20200223,1,1,0,0,0"
"AS,20200223,1,1,0,0,0"
"CB,20200223,1,1,0,0,0"
"CE,20200223,0,0,0,0,0"
"CL,20200223,5,4,1,0,0"
"CM,20200223,0,0,0,0,0"
"CN,20200223,2,2,0,0,0"
"CT,20200223,8,6,0,0,2"
"EX,20200223,0,0,0,0,0"
"GA,20200223,0,0,0,0,0"
"IB,20200223,0,0,0,0,0"
"MC,20200223,1,1,0,0,0"
"MD,20200223,44,44,0,0,0"
"ML,20200223,0,0,0,0,0"
"NC,20200223,1,1,0,0,0"
"PV,20200223,1,1,0,0,0"
"RI,20200223,1,1,0,0,0"
"VC,20200223,5,5,0,0,0"
"AN,20200224,6,6,0,0,0"
"AR,20200224,1,1,0,0,0"
"AS,20200224,0,0,0,0,0"
"CB,20200224,0,0,0,0,0"
"CE,20200224,0,0,0,0,0"
"CL,20200224,5,4,1,0,0"
"CM,20200224,5,1,0,0,4"
"CN,20200224,0,0,0,0,0"
"CT,20200224,14,9,0,0,5"
"EX,20200224,0,0,0,0,0"
"GA,20200224,1,1,0,0,0"
"IB,20200224,0,0,0,0,0"
"MC,20200224,2,1,1,0,0"
"MD,20200224,57,57,0,0,0"
"ML,20200224,0,0,0,0,0"
"NC,20200224,3,3,0,0,0"
"PV,20200224,6,6,0,0,0"
"RI,20200224,2,2,0,0,0"
"VC,20200224,15,13,2,0,0"
"AN,20200225,9,9,0,0,0"
"AR,20200225,2,2,0,0,0"
"AS,20200225,1,1,0,0,0"
"CB,20200225,8,8,0,0,0"
"CE,20200225,0,0,0,0,0"
"CL,20200225,6,5,1,0,0"
"CM,20200225,5,1,0,0,4"
"CN,20200225,2,1,0,0,1"
"CT,20200225,20,17,0,0,3"
"EX,20200225,5,2,3,0,0"
"GA,20200225,3,2,0,0,1"
"IB,20200225,0,0,0,0,0"
"MC,20200225,3,1,2,0,0"
"MD,20200225,50,50,0,0,0"
"ML,20200225,0,0,0,0,0"
"NC,20200225,4,2,2,0,0"
"PV,20200225,12,11,0,0,1"
"RI,20200225,2,2,0,0,0"
"VC,20200225,10,8,2,0,0"
"AN,20200226,9,9,0,0,0"
"AR,20200226,2,2,0,0,0"
"AS,20200226,0,0,0,0,0"
"CB,20200226,0,0,0,0,0"
"CE,20200226,0,0,0,0,0"
"CL,20200226,8,7,1,0,0"
"CM,20200226,6,3,0,0,3"
"CN,20200226,7,7,0,0,0"
"CT,20200226,31,20,0,0,11"
"EX,20200226,1,0,1,0,0"
"GA,20200226,3,3,0,0,0"
"IB,20200226,1,0,1,0,0"
"MC,20200226,1,0,1,0,0"
"MD,20200226,68,68,0,0,0"
"ML,20200226,0,0,0,0,0"
"NC,20200226,5,2,3,0,0"
"PV,20200226,10,10,0,0,0"
"RI,20200226,4,4,0,0,0"
"VC,20200226,9,8,1,0,0"
"AN,20200227,11,7,4,0,0"
"AR,20200227,0,0,0,0,0"
"AS,20200227,0,0,0,0,0"
"CB,20200227,0,0,0,0,0"
"CE,20200227,0,0,0,0,0"
"CL,20200227,7,6,1,0,0"
"CM,20200227,9,2,0,0,7"
"CN,20200227,1,1,0,0,0"
"CT,20200227,15,12,0,0,3"
"EX,20200227,3,1,2,0,0"
"GA,20200227,7,7,0,0,0"
"IB,20200227,4,4,0,0,0"
"MC,20200227,1,1,0,0,0"
"MD,20200227,94,94,0,0,0"
"ML,20200227,0,0,0,0,0"
"NC,20200227,5,4,1,0,0"
"PV,20200227,14,13,0,0,1"
"RI,20200227,9,8,1,0,0"
"VC,20200227,15,15,0,0,0"
"AN,20200228,8,7,1,0,0"
"AR,20200228,4,4,0,0,0"
"AS,20200228,1,1,0,0,0"
"CB,20200228,0,0,0,0,0"
"CE,20200228,0,0,0,0,0"
"CL,20200228,11,8,3,0,0"
"CM,20200228,13,4,1,0,8"
"CN,20200228,8,7,0,0,1"
"CT,20200228,35,28,0,1,6"
"EX,20200228,7,4,3,0,0"
"GA,20200228,6,6,0,0,0"
"IB,20200228,4,1,0,0,3"
"MC,20200228,3,1,2,0,0"
"MD,20200228,162,162,0,0,0"
"ML,20200228,0,0,0,0,0"
"NC,20200228,3,2,1,0,0"
"PV,20200228,33,31,0,0,2"
"RI,20200228,10,10,0,0,0"
"VC,20200228,28,22,5,0,1"
"AN,20200229,9,8,1,0,0"
"AR,20200229,6,6,0,0,0"
"AS,20200229,2,2,0,0,0"
"CB,20200229,1,1,0,0,0"
"CE,20200229,0,0,0,0,0"
"CL,20200229,10,10,0,0,0"
"CM,20200229,15,3,0,0,12"
"CN,20200229,6,6,0,0,0"
"CT,20200229,27,19,0,0,8"
"EX,20200229,5,3,2,0,0"
"GA,20200229,1,1,0,0,0"
"IB,20200229,2,2,0,0,0"
"MC,20200229,3,2,1,0,0"
"MD,20200229,107,107,0,0,0"
"ML,20200229,0,0,0,0,0"
"NC,20200229,5,4,1,0,0"
"PV,20200229,24,24,0,0,0"
"RI,20200229,13,13,0,0,0"
"VC,20200229,17,14,3,0,0"
"AN,20200301,34,25,9,0,0"
"AR,20200301,8,8,0,0,0"
"AS,20200301,2,2,0,0,0"
"CB,20200301,1,1,0,0,0"
"CE,20200301,0,0,0,0,0"
"CL,20200301,33,29,4,0,0"
"CM,20200301,65,14,0,3,48"
"CN,20200301,7,7,0,0,0"
"CT,20200301,84,74,0,0,10"
"EX,20200301,5,3,2,0,0"
"GA,20200301,6,4,2,0,0"
"IB,20200301,4,4,0,0,0"
"MC,20200301,5,4,1,0,0"
"MD,20200301,320,320,0,0,0"
"ML,20200301,0,0,0,0,0"
"NC,20200301,13,8,5,0,0"
"PV,20200301,47,47,0,0,0"
"RI,20200301,22,22,0,0,0"
"VC,20200301,44,34,9,0,1"
"AN,20200302,33,31,2,0,0"
"AR,20200302,14,14,0,0,0"
"AS,20200302,3,3,0,0,0"
"CB,20200302,0,0,0,0,0"
"CE,20200302,0,0,0,0,0"
"CL,20200302,44,37,7,0,0"
"CM,20200302,62,18,0,5,39"
"CN,20200302,12,12,0,0,0"
"CT,20200302,81,60,0,1,20"
"EX,20200302,7,6,1,0,0"
"GA,20200302,19,19,0,0,0"
"IB,20200302,6,6,0,0,0"
"MC,20200302,8,6,2,0,0"
"MD,20200302,381,381,0,0,0"
"ML,20200302,0,0,0,0,0"
"NC,20200302,15,11,4,0,0"
"PV,20200302,56,54,0,0,2"
"RI,20200302,30,29,1,0,0"
"VC,20200302,46,36,9,0,1"
"AN,20200303,42,36,6,0,0"
"AR,20200303,7,7,0,0,0"
"AS,20200303,2,2,0,0,0"
"CB,20200303,0,0,0,0,0"
"CE,20200303,2,0,1,0,1"
"CL,20200303,29,27,2,0,0"
"CM,20200303,49,15,0,0,34"
"CN,20200303,8,8,0,0,0"
"CT,20200303,89,74,0,1,14"
"EX,20200303,9,4,5,0,0"
"GA,20200303,16,16,0,0,0"
"IB,20200303,7,7,0,0,0"
"MC,20200303,6,3,3,0,0"
"MD,20200303,394,394,0,0,0"
"ML,20200303,0,0,0,0,0"
"NC,20200303,18,14,4,0,0"
"PV,20200303,57,57,0,0,0"
"RI,20200303,28,27,1,0,0"
"VC,20200303,37,26,9,0,2"
"AN,20200304,34,31,3,0,0"
"AR,20200304,14,14,0,0,0"
"AS,20200304,2,2,0,0,0"
"CB,20200304,0,0,0,0,0"
"CE,20200304,0,0,0,0,0"
"CL,20200304,35,31,4,0,0"
"CM,20200304,62,17,1,2,42"
"CN,20200304,14,14,0,0,0"
"CT,20200304,148,127,0,2,19"
"EX,20200304,9,6,3,0,0"
"GA,20200304,14,13,0,0,1"
"IB,20200304,5,5,0,0,0"
"MC,20200304,11,5,6,0,0"
"MD,20200304,462,462,0,0,0"
"ML,20200304,0,0,0,0,0"
"NC,20200304,22,18,4,0,0"
"PV,20200304,68,68,0,0,0"
"RI,20200304,25,25,0,0,0"
"VC,20200304,37,33,4,0,0"
"AN,20200305,61,55,6,0,0"
"AR,20200305,10,10,0,0,0"
"AS,20200305,5,5,0,0,0"
"CB,20200305,0,0,0,0,0"
"CE,20200305,1,0,1,0,0"
"CL,20200305,55,46,9,0,0"
"CM,20200305,79,20,1,2,56"
"CN,20200305,16,15,0,0,1"
"CT,20200305,174,155,0,1,18"
"EX,20200305,6,5,1,0,0"
"GA,20200305,19,18,0,0,1"
"IB,20200305,12,12,0,0,0"
"MC,20200305,14,10,4,0,0"
"MD,20200305,648,648,0,0,0"
"ML,20200305,1,1,0,0,0"
"NC,20200305,28,19,9,0,0"
"PV,20200305,75,74,0,0,1"
"RI,20200305,27,27,0,0,0"
"VC,20200305,56,46,8,0,2"
"AN,20200306,73,66,7,0,0"
"AR,20200306,15,15,0,0,0"
"AS,20200306,12,12,0,0,0"
"CB,20200306,9,9,0,0,0"
"CE,20200306,0,0,0,0,0"
"CL,20200306,57,49,8,0,0"
"CM,20200306,105,27,0,0,78"
"CN,20200306,25,24,0,0,1"
"CT,20200306,270,238,0,3,29"
"EX,20200306,20,11,9,0,0"
"GA,20200306,26,26,0,0,0"
"IB,20200306,10,10,0,0,0"
"MC,20200306,13,10,3,0,0"
"MD,20200306,783,783,0,0,0"
"ML,20200306,1,1,0,0,0"
"NC,20200306,26,19,7,0,0"
"PV,20200306,81,80,0,0,1"
"RI,20200306,45,44,1,0,0"
"VC,20200306,78,66,12,0,0"
"AN,20200307,77,72,5,0,0"
"AR,20200307,21,21,0,0,0"
"AS,20200307,12,12,0,0,0"
"CB,20200307,12,12,0,0,0"
"CE,20200307,0,0,0,0,0"
"CL,20200307,83,71,12,0,0"
"CM,20200307,144,33,1,1,109"
"CN,20200307,19,18,0,0,1"
"CT,20200307,292,259,0,3,30"
"EX,20200307,16,13,3,0,0"
"GA,20200307,33,32,0,0,1"
"IB,20200307,7,6,1,0,0"
"MC,20200307,20,15,5,0,0"
"MD,20200307,839,838,0,0,1"
"ML,20200307,3,3,0,0,0"
"NC,20200307,49,42,7,0,0"
"PV,20200307,92,87,0,0,5"
"RI,20200307,39,39,0,0,0"
"VC,20200307,80,64,8,0,8"
"AN,20200308,87,78,9,0,0"
"AR,20200308,36,35,0,0,1"
"AS,20200308,14,14,0,0,0"
"CB,20200308,17,17,0,0,0"
"CE,20200308,1,0,0,0,1"
"CL,20200308,80,70,10,0,0"
"CM,20200308,163,28,0,0,135"
"CN,20200308,35,31,0,0,4"
"CT,20200308,332,304,0,1,27"
"EX,20200308,19,12,7,0,0"
"GA,20200308,38,35,0,0,3"
"IB,20200308,14,12,1,0,1"
"MC,20200308,19,14,5,0,0"
"MD,20200308,1049,1049,0,0,0"
"ML,20200308,1,1,0,0,0"
"NC,20200308,51,38,13,0,0"
"PV,20200308,100,97,0,0,3"
"RI,20200308,41,41,0,0,0"
"VC,20200308,118,99,17,0,2"
"AN,20200309,169,158,11,0,0"
"AR,20200309,36,36,0,0,0"
"AS,20200309,32,32,0,0,0"
"CB,20200309,9,9,0,0,0"
"CE,20200309,1,0,1,0,0"
"CL,20200309,166,146,20,0,0"
"CM,20200309,215,45,0,0,170"
"CN,20200309,46,39,0,0,7"
"CT,20200309,567,515,0,1,51"
"EX,20200309,38,31,7,0,0"
"GA,20200309,83,81,1,0,1"
"IB,20200309,17,16,1,0,0"
"MC,20200309,32,23,9,0,0"
"MD,20200309,1508,1508,0,0,0"
"ML,20200309,2,2,0,0,0"
"NC,20200309,97,77,20,0,0"
"PV,20200309,143,140,0,0,3"
"RI,20200309,60,59,1,0,0"
"VC,20200309,188,164,21,0,3"
"AN,20200310,221,204,17,0,0"
"AR,20200310,52,52,0,0,0"
"AS,20200310,52,52,0,0,0"
"CB,20200310,3,3,0,0,0"
"CE,20200310,1,0,0,0,1"
"CL,20200310,213,191,22,0,0"
"CM,20200310,301,84,1,0,216"
"CN,20200310,56,51,0,0,5"
"CT,20200310,797,722,0,1,74"
"EX,20200310,47,38,9,0,0"
"GA,20200310,119,114,2,0,3"
"IB,20200310,36,34,2,0,0"
"MC,20200310,64,48,16,0,0"
"MD,20200310,1971,1971,0,0,0"
"ML,20200310,5,5,0,0,0"
"NC,20200310,109,84,25,0,0"
"PV,20200310,227,225,0,0,2"
"RI,20200310,88,88,0,0,0"
"VC,20200310,306,267,33,0,6"
"AN,20200311,263,246,17,0,0"
"AR,20200311,66,66,0,0,0"
"AS,20200311,43,43,0,0,0"
"CB,20200311,17,17,0,0,0"
"CE,20200311,3,0,1,0,2"
"CL,20200311,255,219,36,0,0"
"CM,20200311,329,79,2,1,247"
"CN,20200311,60,54,0,0,6"
"CT,20200311,757,701,0,1,55"
"EX,20200311,74,57,17,0,0"
"GA,20200311,132,130,1,0,1"
"IB,20200311,42,41,1,0,0"
"MC,20200311,74,56,17,0,1"
"MD,20200311,1958,1958,0,0,0"
"ML,20200311,4,3,0,0,1"
"NC,20200311,130,109,21,0,0"
"PV,20200311,226,219,0,0,7"
"RI,20200311,70,68,2,0,0"
"VC,20200311,292,261,25,0,6"
"AN,20200312,318,301,17,0,0"
"AR,20200312,79,79,0,0,0"
"AS,20200312,57,57,0,0,0"
"CB,20200312,36,36,0,0,0"
"CE,20200312,1,0,0,0,1"
"CL,20200312,344,308,36,0,0"
"CM,20200312,462,112,4,3,343"
"CN,20200312,73,69,0,0,4"
"CT,20200312,1028,967,0,1,60"
"EX,20200312,88,73,15,0,0"
"GA,20200312,181,181,0,0,0"
"IB,20200312,42,39,2,0,1"
"MC,20200312,62,40,21,0,1"
"MD,20200312,2330,2330,0,0,0"
"ML,20200312,3,1,1,0,1"
"NC,20200312,182,140,42,0,0"
"PV,20200312,272,264,0,0,8"
"RI,20200312,74,72,2,0,0"
"VC,20200312,390,358,31,0,1"
"AN,20200313,486,446,40,0,0"
"AR,20200313,114,113,0,0,1"
"AS,20200313,70,70,0,0,0"
"CB,20200313,54,54,0,0,0"
"CE,20200313,6,1,0,0,5"
"CL,20200313,505,446,59,0,0"
"CM,20200313,632,182,1,3,446"
"CN,20200313,109,100,0,0,9"
"CT,20200313,1362,1266,0,5,91"
"EX,20200313,95,82,13,0,0"
"GA,20200313,243,242,0,0,1"
"IB,20200313,61,61,0,0,0"
"MC,20200313,104,70,33,0,1"
"MD,20200313,2819,2819,0,0,0"
"ML,20200313,10,9,1,0,0"
"NC,20200313,211,138,73,0,0"
"PV,20200313,426,407,0,0,19"
"RI,20200313,107,106,1,0,0"
"VC,20200313,497,443,45,0,9"
"AN,20200314,420,392,28,0,0"
"AR,20200314,107,107,0,0,0"
"AS,20200314,81,81,0,0,0"
"CB,20200314,59,59,0,0,0"
"CE,20200314,4,0,1,0,3"
"CL,20200314,521,465,55,1,0"
"CM,20200314,618,161,1,2,454"
"CN,20200314,97,93,0,0,4"
"CT,20200314,1324,1236,0,6,82"
"EX,20200314,91,73,18,0,0"
"GA,20200314,240,238,1,0,1"
"IB,20200314,71,68,3,0,0"
"MC,20200314,108,80,28,0,0"
"MD,20200314,2543,2542,0,0,1"
"ML,20200314,4,3,1,0,0"
"NC,20200314,177,121,56,0,0"
"PV,20200314,418,408,0,0,10"
"RI,20200314,138,136,2,0,0"
"VC,20200314,495,451,33,0,11"
"AN,20200315,449,408,41,0,0"
"AR,20200315,127,127,0,0,0"
"AS,20200315,89,89,0,0,0"
"CB,20200315,68,68,0,0,0"
"CE,20200315,2,0,1,0,1"
"CL,20200315,535,470,65,0,0"
"CM,20200315,787,252,3,6,526"
"CN,20200315,91,89,0,0,2"
"CT,20200315,1365,1286,0,9,70"
"EX,20200315,86,62,24,0,0"
"GA,20200315,270,269,1,0,0"
"IB,20200315,85,83,1,0,1"
"MC,20200315,96,70,26,0,0"
"MD,20200315,2647,2647,0,0,0"
"ML,20200315,3,3,0,0,0"
"NC,20200315,262,166,96,0,0"
"PV,20200315,431,415,0,0,16"
"RI,20200315,111,109,2,0,0"
"VC,20200315,528,465,55,0,8"
"AN,20200316,571,534,37,0,0"
"AR,20200316,166,166,0,0,0"
"AS,20200316,106,106,0,0,0"
"CB,20200316,71,71,0,0,0"
"CE,20200316,6,1,1,0,4"
"CL,20200316,780,679,100,1,0"
"CM,20200316,816,240,3,1,572"
"CN,20200316,132,116,0,0,16"
"CT,20200316,1707,1540,0,9,158"
"EX,20200316,118,95,23,0,0"
"GA,20200316,389,383,3,0,3"
"IB,20200316,88,84,1,0,3"
"MC,20200316,130,98,32,0,0"
"MD,20200316,2947,2946,0,0,1"
"ML,20200316,6,2,2,1,1"
"NC,20200316,274,156,118,0,0"
"PV,20200316,597,575,0,0,22"
"RI,20200316,157,154,3,0,0"
"VC,20200316,635,571,54,0,10"
"AN,20200317,572,536,36,0,0"
"AR,20200317,157,156,0,1,0"
"AS,20200317,80,80,0,0,0"
"CB,20200317,76,76,0,0,0"
"CE,20200317,5,0,1,0,4"
"CL,20200317,731,656,74,1,0"
"CM,20200317,747,198,5,2,542"
"CN,20200317,93,90,0,0,3"
"CT,20200317,1561,1472,0,7,82"
"EX,20200317,109,97,12,0,0"
"GA,20200317,328,324,3,0,1"
"IB,20200317,82,79,3,0,0"
"MC,20200317,103,79,24,0,0"
"MD,20200317,2773,2773,0,0,0"
"ML,20200317,3,3,0,0,0"
"NC,20200317,267,169,98,0,0"
"PV,20200317,537,517,0,0,20"
"RI,20200317,122,117,5,0,0"
"VC,20200317,557,507,39,0,11"
"AN,20200318,530,493,37,0,0"
"AR,20200318,167,167,0,0,0"
"AS,20200318,91,91,0,0,0"
"CB,20200318,89,89,0,0,0"
"CE,20200318,6,0,2,0,4"
"CL,20200318,814,731,83,0,0"
"CM,20200318,807,220,4,1,582"
"CN,20200318,117,109,0,0,8"
"CT,20200318,1683,1580,0,6,97"
"EX,20200318,127,106,21,0,0"
"GA,20200318,309,306,1,0,2"
"IB,20200318,81,80,1,0,0"
"MC,20200318,120,90,30,0,0"
"MD,20200318,2624,2624,0,0,0"
"ML,20200318,6,5,0,0,1"
"NC,20200318,250,176,74,0,0"
"PV,20200318,553,544,0,0,9"
"RI,20200318,143,142,1,0,0"
"VC,20200318,532,479,43,0,10"
"AN,20200319,555,521,34,0,0"
"AR,20200319,166,166,0,0,0"
"AS,20200319,101,101,0,0,0"
"CB,20200319,177,177,0,0,0"
"CE,20200319,5,0,2,0,3"
"CL,20200319,866,799,67,0,0"
"CM,20200319,757,245,3,2,507"
"CN,20200319,77,69,0,0,8"
"CT,20200319,1609,1522,0,5,82"
"EX,20200319,127,104,23,0,0"
"GA,20200319,294,290,4,0,0"
"IB,20200319,105,102,2,0,1"
"MC,20200319,118,78,40,0,0"
"MD,20200319,2421,2421,0,0,0"
"ML,20200319,6,3,1,0,2"
"NC,20200319,233,153,80,0,0"
"PV,20200319,465,448,0,0,17"
"RI,20200319,168,167,1,0,0"
"VC,20200319,497,458,33,0,6"
"AN,20200320,793,746,47,0,0"
"AR,20200320,236,236,0,0,0"
"AS,20200320,83,83,0,0,0"
"CB,20200320,143,143,0,0,0"
"CE,20200320,7,0,1,0,6"
"CL,20200320,953,828,125,0,0"
"CM,20200320,947,315,9,6,617"
"CN,20200320,117,111,0,0,6"
"CT,20200320,1892,1787,0,6,99"
"EX,20200320,173,140,33,0,0"
"GA,20200320,471,463,4,0,4"
"IB,20200320,97,95,2,0,0"
"MC,20200320,122,86,36,0,0"
"MD,20200320,3086,3086,0,0,0"
"ML,20200320,4,4,0,0,0"
"NC,20200320,326,228,98,0,0"
"PV,20200320,610,580,0,0,30"
"RI,20200320,191,190,1,0,0"
"VC,20200320,572,509,59,0,4"
"AN,20200321,543,517,26,0,0"
"AR,20200321,177,177,0,0,0"
"AS,20200321,68,68,0,0,0"
"CB,20200321,99,99,0,0,0"
"CE,20200321,7,0,1,0,6"
"CL,20200321,765,696,69,0,0"
"CM,20200321,631,203,6,1,421"
"CN,20200321,86,77,0,0,9"
"CT,20200321,1457,1389,0,4,64"
"EX,20200321,133,113,20,0,0"
"GA,20200321,277,273,1,0,3"
"IB,20200321,62,61,1,0,0"
"MC,20200321,83,67,15,0,1"
"MD,20200321,1906,1905,0,0,1"
"ML,20200321,3,1,0,0,2"
"NC,20200321,206,152,54,0,0"
"PV,20200321,432,422,0,0,10"
"RI,20200321,133,133,0,0,0"
"VC,20200321,453,413,32,0,8"
"AN,20200322,522,488,34,0,0"
"AR,20200322,166,166,0,0,0"
"AS,20200322,75,75,0,0,0"
"CB,20200322,84,84,0,0,0"
"CE,20200322,7,0,0,0,7"
"CL,20200322,706,630,76,0,0"
"CM,20200322,681,184,13,0,484"
"CN,20200322,75,73,0,0,2"
"CT,20200322,1308,1234,0,0,74"
"EX,20200322,131,116,15,0,0"
"GA,20200322,250,249,1,0,0"
"IB,20200322,91,90,0,0,1"
"MC,20200322,79,64,15,0,0"
"MD,20200322,1639,1638,0,0,1"
"ML,20200322,5,4,0,0,1"
"NC,20200322,194,141,53,0,0"
"PV,20200322,394,384,0,0,10"
"RI,20200322,108,108,0,0,0"
"VC,20200322,397,363,30,0,4"
"AN,20200323,561,534,27,0,0"
"AR,20200323,268,267,0,0,1"
"AS,20200323,70,70,0,0,0"
"CB,20200323,87,87,0,0,0"
"CE,20200323,9,0,6,0,3"
"CL,20200323,769,664,105,0,0"
"CM,20200323,766,253,13,1,499"
"CN,20200323,97,91,0,0,6"
"CT,20200323,1502,1403,0,7,92"
"EX,20200323,245,209,36,0,0"
"GA,20200323,385,379,4,0,2"
"IB,20200323,82,79,3,0,0"
"MC,20200323,128,100,28,0,0"
"MD,20200323,2112,2112,0,0,0"
"ML,20200323,5,4,0,0,1"
"NC,20200323,242,161,81,0,0"
"PV,20200323,482,459,0,0,23"
"RI,20200323,158,155,3,0,0"
"VC,20200323,483,429,51,0,3"
"AN,20200324,490,461,29,0,0"
"AR,20200324,191,191,0,0,0"
"AS,20200324,58,58,0,0,0"
"CB,20200324,57,57,0,0,0"
"CE,20200324,8,0,0,0,8"
"CL,20200324,663,556,106,1,0"
"CM,20200324,658,252,18,1,387"
"CN,20200324,63,59,0,0,4"
"CT,20200324,1413,1334,0,1,78"
"EX,20200324,161,138,23,0,0"
"GA,20200324,295,291,1,0,3"
"IB,20200324,66,65,1,0,0"
"MC,20200324,78,61,17,0,0"
"MD,20200324,1980,1980,0,0,0"
"ML,20200324,1,1,0,0,0"
"NC,20200324,278,198,80,0,0"
"PV,20200324,396,377,0,0,19"
"RI,20200324,118,118,0,0,0"
"VC,20200324,338,304,27,0,7"
"AN,20200325,521,487,34,0,0"
"AR,20200325,189,187,0,0,2"
"AS,20200325,57,57,0,0,0"
"CB,20200325,57,57,0,0,0"
"CE,20200325,9,1,2,0,6"
"CL,20200325,695,598,97,0,0"
"CM,20200325,672,246,20,3,403"
"CN,20200325,55,54,0,0,1"
"CT,20200325,1323,1250,0,3,70"
"EX,20200325,153,121,32,0,0"
"GA,20200325,288,283,4,0,1"
"IB,20200325,84,80,3,0,1"
"MC,20200325,84,65,17,0,2"
"MD,20200325,1768,1768,0,0,0"
"ML,20200325,4,3,1,0,0"
"NC,20200325,242,182,60,0,0"
"PV,20200325,409,389,0,0,20"
"RI,20200325,131,130,1,0,0"
"VC,20200325,410,358,42,0,10"
"AN,20200326,469,433,36,0,0"
"AR,20200326,166,166,0,0,0"
"AS,20200326,77,77,0,0,0"
"CB,20200326,39,39,0,0,0"
"CE,20200326,5,1,1,0,3"
"CL,20200326,555,477,78,0,0"
"CM,20200326,593,243,16,2,332"
"CN,20200326,62,60,0,0,2"
"CT,20200326,1386,1320,0,0,66"
"EX,20200326,138,120,18,0,0"
"GA,20200326,300,295,4,0,1"
"IB,20200326,73,68,5,0,0"
"MC,20200326,46,35,11,0,0"
"MD,20200326,1543,1543,0,0,0"
"ML,20200326,6,5,1,0,0"
"NC,20200326,167,117,50,0,0"
"PV,20200326,363,349,0,0,14"
"RI,20200326,114,112,2,0,0"
"VC,20200326,311,273,33,0,5"
"AN,20200327,422,391,31,0,0"
"AR,20200327,212,211,0,0,1"
"AS,20200327,70,70,0,0,0"
"CB,20200327,74,74,0,0,0"
"CE,20200327,2,0,1,0,1"
"CL,20200327,525,457,68,0,0"
"CM,20200327,514,199,15,3,297"
"CN,20200327,71,69,0,0,2"
"CT,20200327,1250,1193,0,3,54"
"EX,20200327,109,91,18,0,0"
"GA,20200327,306,301,3,0,2"
"IB,20200327,40,37,2,0,1"
"MC,20200327,51,35,14,0,2"
"MD,20200327,1483,1483,0,0,0"
"ML,20200327,5,3,0,0,2"
"NC,20200327,161,115,46,0,0"
"PV,20200327,397,386,0,0,11"
"RI,20200327,129,126,2,0,1"
"VC,20200327,332,294,27,0,11"
"AN,20200328,324,296,28,0,0"
"AR,20200328,146,146,0,0,0"
"AS,20200328,53,53,0,0,0"
"CB,20200328,68,68,0,0,0"
"CE,20200328,5,0,0,0,5"
"CL,20200328,522,460,62,0,0"
"CM,20200328,422,176,25,1,220"
"CN,20200328,36,35,0,0,1"
"CT,20200328,1325,1260,0,3,62"
"EX,20200328,96,72,24,0,0"
"GA,20200328,336,333,1,0,2"
"IB,20200328,36,32,4,0,0"
"MC,20200328,40,29,11,0,0"
"MD,20200328,1245,1245,0,0,0"
"ML,20200328,4,3,1,0,0"
"NC,20200328,140,108,32,0,0"
"PV,20200328,290,279,0,0,11"
"RI,20200328,100,100,0,0,0"
"VC,20200328,245,217,19,0,9"
"AN,20200329,340,319,21,0,0"
"AR,20200329,137,137,0,0,0"
"AS,20200329,40,40,0,0,0"
"CB,20200329,39,39,0,0,0"
"CE,20200329,7,0,0,0,7"
"CL,20200329,423,387,36,0,0"
"CM,20200329,379,174,21,0,184"
"CN,20200329,42,42,0,0,0"
"CT,20200329,1040,970,0,5,65"
"EX,20200329,62,51,11,0,0"
"GA,20200329,198,196,1,0,1"
"IB,20200329,37,36,1,0,0"
"MC,20200329,35,23,12,0,0"
"MD,20200329,863,863,0,0,0"
"ML,20200329,5,4,0,0,1"
"NC,20200329,96,79,17,0,0"
"PV,20200329,267,239,0,0,28"
"RI,20200329,87,85,2,0,0"
"VC,20200329,217,183,23,0,11"
"AN,20200330,340,301,39,0,0"
"AR,20200330,127,127,0,0,0"
"AS,20200330,45,45,0,0,0"
"CB,20200330,27,27,0,0,0"
"CE,20200330,5,0,1,0,4"
"CL,20200330,496,421,74,1,0"
"CM,20200330,528,231,23,3,271"
"CN,20200330,51,49,0,0,2"
"CT,20200330,1201,1106,0,6,89"
"EX,20200330,107,66,41,0,0"
"GA,20200330,282,273,5,0,4"
"IB,20200330,66,61,3,0,2"
"MC,20200330,41,26,15,0,0"
"MD,20200330,1078,1078,0,0,0"
"ML,20200330,3,3,0,0,0"
"NC,20200330,245,211,34,0,0"
"PV,20200330,320,303,0,0,17"
"RI,20200330,117,116,1,0,0"
"VC,20200330,254,220,25,0,9"
"AN,20200331,253,237,16,0,0"
"AR,20200331,116,116,0,0,0"
"AS,20200331,42,42,0,0,0"
"CB,20200331,33,33,0,0,0"
"CE,20200331,2,0,0,0,2"
"CL,20200331,399,359,40,0,0"
"CM,20200331,415,171,30,2,212"
"CN,20200331,28,27,0,0,1"
"CT,20200331,1131,1071,0,1,59"
"EX,20200331,61,37,24,0,0"
"GA,20200331,167,161,4,0,2"
"IB,20200331,48,45,3,0,0"
"MC,20200331,30,23,7,0,0"
"MD,20200331,1074,1074,0,0,0"
"ML,20200331,3,3,0,0,0"
"NC,20200331,151,125,26,0,0"
"PV,20200331,266,247,0,0,19"
"RI,20200331,108,105,3,0,0"
"VC,20200331,180,150,23,0,7"
"AN,20200401,352,320,32,0,0"
"AR,20200401,157,156,0,0,1"
"AS,20200401,29,29,0,0,0"
"CB,20200401,72,72,0,0,0"
"CE,20200401,8,0,6,0,2"
"CL,20200401,561,449,112,0,0"
"CM,20200401,469,198,35,1,235"
"CN,20200401,51,50,0,0,1"
"CT,20200401,1278,1211,0,5,62"
"EX,20200401,134,89,45,0,0"
"GA,20200401,240,233,4,0,3"
"IB,20200401,84,81,3,0,0"
"MC,20200401,28,19,9,0,0"
"MD,20200401,1338,1338,0,0,0"
"ML,20200401,5,5,0,0,0"
"NC,20200401,233,195,38,0,0"
"PV,20200401,288,266,0,0,22"
"RI,20200401,108,107,1,0,0"
"VC,20200401,237,199,31,1,6"
"AN,20200402,263,216,47,0,0"
"AR,20200402,127,127,0,0,0"
"AS,20200402,54,54,0,0,0"
"CB,20200402,53,53,0,0,0"
"CE,20200402,2,0,1,0,1"
"CL,20200402,516,444,72,0,0"
"CM,20200402,367,148,24,1,194"
"CN,20200402,34,32,0,0,2"
"CT,20200402,1065,1009,0,1,55"
"EX,20200402,76,51,25,0,0"
"GA,20200402,266,259,4,0,3"
"IB,20200402,35,34,1,0,0"
"MC,20200402,30,21,9,0,0"
"MD,20200402,1001,1001,0,0,0"
"ML,20200402,3,3,0,0,0"
"NC,20200402,144,126,18,0,0"
"PV,20200402,256,239,0,0,17"
"RI,20200402,100,99,1,0,0"
"VC,20200402,217,181,31,0,5"
"AN,20200403,202,172,30,0,0"
"AR,20200403,109,109,0,0,0"
"AS,20200403,38,38,0,0,0"
"CB,20200403,34,34,0,0,0"
"CE,20200403,2,0,1,0,1"
"CL,20200403,566,490,76,0,0"
"CM,20200403,340,147,27,1,165"
"CN,20200403,17,17,0,0,0"
"CT,20200403,1209,1166,1,3,39"
"EX,20200403,104,65,39,0,0"
"GA,20200403,209,209,0,0,0"
"IB,20200403,47,43,3,0,1"
"MC,20200403,26,14,12,0,0"
"MD,20200403,929,929,0,0,0"
"ML,20200403,4,3,1,0,0"
"NC,20200403,138,126,12,0,0"
"PV,20200403,330,309,0,0,21"
"RI,20200403,79,75,4,0,0"
"VC,20200403,215,189,23,0,3"
"AN,20200404,317,166,151,0,0"
"AR,20200404,94,93,0,0,1"
"AS,20200404,45,45,0,0,0"
"CB,20200404,62,62,0,0,0"
"CE,20200404,2,0,0,0,2"
"CL,20200404,569,482,87,0,0"
"CM,20200404,385,146,35,0,204"
"CN,20200404,29,28,0,0,1"
"CT,20200404,966,926,0,1,39"
"EX,20200404,75,47,28,0,0"
"GA,20200404,134,133,0,0,1"
"IB,20200404,25,23,2,0,0"
"MC,20200404,21,18,3,0,0"
"MD,20200404,709,709,0,0,0"
"ML,20200404,3,2,1,0,0"
"NC,20200404,88,76,12,0,0"
"PV,20200404,215,200,0,0,15"
"RI,20200404,55,53,2,0,0"
"VC,20200404,143,119,19,0,5"
"AN,20200405,276,159,117,0,0"
"AR,20200405,95,94,0,1,0"
"AS,20200405,43,43,0,0,0"
"CB,20200405,25,25,0,0,0"
"CE,20200405,2,0,0,0,2"
"CL,20200405,391,319,72,0,0"
"CM,20200405,464,238,33,1,192"
"CN,20200405,17,15,0,0,2"
"CT,20200405,845,805,0,0,40"
"EX,20200405,53,25,28,0,0"
"GA,20200405,118,115,2,0,1"
"IB,20200405,30,27,2,0,1"
"MC,20200405,29,11,18,0,0"
"MD,20200405,633,633,0,0,0"
"ML,20200405,1,0,1,0,0"
"NC,20200405,101,86,15,0,0"
"PV,20200405,229,218,0,0,11"
"RI,20200405,36,35,1,0,0"
"VC,20200405,122,105,12,0,5"
"AN,20200406,186,137,49,0,0"
"AR,20200406,124,124,0,0,0"
"AS,20200406,41,41,0,0,0"
"CB,20200406,28,27,1,0,0"
"CE,20200406,3,1,0,0,2"
"CL,20200406,594,461,133,0,0"
"CM,20200406,420,128,25,1,266"
"CN,20200406,13,13,0,0,0"
"CT,20200406,818,739,0,1,78"
"EX,20200406,78,37,41,0,0"
"GA,20200406,184,177,6,0,1"
"IB,20200406,26,21,5,0,0"
"MC,20200406,15,6,9,0,0"
"MD,20200406,623,623,0,0,0"
"ML,20200406,0,0,0,0,0"
"NC,20200406,149,132,17,0,0"
"PV,20200406,298,284,0,0,14"
"RI,20200406,41,41,0,0,0"
"VC,20200406,180,137,37,0,6"
"AN,20200407,266,163,103,0,0"
"AR,20200407,108,107,0,0,1"
"AS,20200407,45,45,0,0,0"
"CB,20200407,13,13,0,0,0"
"CE,20200407,2,0,0,0,2"
"CL,20200407,429,327,102,0,0"
"CM,20200407,364,96,23,0,245"
"CN,20200407,26,24,0,0,2"
"CT,20200407,744,678,0,0,66"
"EX,20200407,72,27,45,0,0"
"GA,20200407,154,148,3,0,3"
"IB,20200407,19,18,1,0,0"
"MC,20200407,10,4,5,0,1"
"MD,20200407,746,746,0,0,0"
"ML,20200407,2,2,0,0,0"
"NC,20200407,118,84,34,0,0"
"PV,20200407,241,223,0,0,18"
"RI,20200407,52,51,1,0,0"
"VC,20200407,171,127,39,0,5"
"AN,20200408,250,131,119,0,0"
"AR,20200408,110,109,0,0,1"
"AS,20200408,48,48,0,0,0"
"CB,20200408,26,26,0,0,0"
"CE,20200408,1,0,1,0,0"
"CL,20200408,508,372,136,0,0"
"CM,20200408,366,107,21,0,238"
"CN,20200408,16,14,0,0,2"
"CT,20200408,992,951,0,1,40"
"EX,20200408,83,36,47,0,0"
"GA,20200408,150,147,2,0,1"
"IB,20200408,23,22,1,0,0"
"MC,20200408,40,16,24,0,0"
"MD,20200408,680,680,0,0,0"
"ML,20200408,0,0,0,0,0"
"NC,20200408,118,92,26,0,0"
"PV,20200408,243,218,0,0,25"
"RI,20200408,45,39,6,0,0"
"VC,20200408,169,124,41,0,4"
"AN,20200409,137,85,52,0,0"
"AR,20200409,101,88,0,0,13"
"AS,20200409,43,43,0,0,0"
"CB,20200409,23,23,0,0,0"
"CE,20200409,3,1,1,0,1"
"CL,20200409,537,351,186,0,0"
"CM,20200409,350,82,9,2,257"
"CN,20200409,26,23,0,0,3"
"CT,20200409,1047,1005,0,0,42"
"EX,20200409,76,21,55,0,0"
"GA,20200409,159,149,8,0,2"
"IB,20200409,11,8,3,0,0"
"MC,20200409,26,5,21,0,0"
"MD,20200409,637,637,0,0,0"
"ML,20200409,0,0,0,0,0"
"NC,20200409,112,79,33,0,0"
"PV,20200409,214,192,0,0,22"
"RI,20200409,44,42,2,0,0"
"VC,20200409,173,117,51,0,5"
"AN,20200410,218,98,120,0,0"
"AR,20200410,84,75,0,0,9"
"AS,20200410,57,57,0,0,0"
"CB,20200410,29,29,0,0,0"
"CE,20200410,1,0,0,0,1"
"CL,20200410,558,324,234,0,0"
"CM,20200410,300,70,18,0,212"
"CN,20200410,14,13,0,0,1"
"CT,20200410,1008,963,0,0,45"
"EX,20200410,98,39,59,0,0"
"GA,20200410,80,71,9,0,0"
"IB,20200410,21,17,4,0,0"
"MC,20200410,12,5,7,0,0"
"MD,20200410,706,706,0,0,0"
"ML,20200410,1,1,0,0,0"
"NC,20200410,106,69,37,0,0"
"PV,20200410,199,176,0,0,23"
"RI,20200410,40,39,1,0,0"
"VC,20200410,141,95,45,0,1"
"AN,20200411,161,93,68,0,0"
"AR,20200411,64,58,0,0,6"
"AS,20200411,53,53,0,0,0"
"CB,20200411,24,24,0,0,0"
"CE,20200411,2,0,2,0,0"
"CL,20200411,482,310,171,1,0"
"CM,20200411,158,62,13,0,83"
"CN,20200411,14,14,0,0,0"
"CT,20200411,1059,1029,0,1,29"
"EX,20200411,72,27,45,0,0"
"GA,20200411,66,63,2,0,1"
"IB,20200411,15,14,1,0,0"
"MC,20200411,12,5,7,0,0"
"MD,20200411,571,571,0,0,0"
"ML,20200411,0,0,0,0,0"
"NC,20200411,84,45,39,0,0"
"PV,20200411,140,124,0,0,16"
"RI,20200411,25,23,2,0,0"
"VC,20200411,133,78,50,0,5"
"AN,20200412,128,80,48,0,0"
"AR,20200412,54,51,0,0,3"
"AS,20200412,23,23,0,0,0"
"CB,20200412,46,46,0,0,0"
"CE,20200412,0,0,0,0,0"
"CL,20200412,326,159,167,0,0"
"CM,20200412,229,75,6,0,148"
"CN,20200412,8,8,0,0,0"
"CT,20200412,667,645,0,1,21"
"EX,20200412,47,21,26,0,0"
"GA,20200412,66,62,3,0,1"
"IB,20200412,15,15,0,0,0"
"MC,20200412,11,4,4,0,3"
"MD,20200412,495,495,0,0,0"
"ML,20200412,1,1,0,0,0"
"NC,20200412,90,59,31,0,0"
"PV,20200412,153,142,0,0,11"
"RI,20200412,22,22,0,0,0"
"VC,20200412,84,68,14,0,2"
"AN,20200413,110,69,41,0,0"
"AR,20200413,83,71,0,0,12"
"AS,20200413,32,32,0,0,0"
"CB,20200413,35,35,0,0,0"
"CE,20200413,2,0,1,0,1"
"CL,20200413,511,234,277,0,0"
"CM,20200413,329,106,10,1,212"
"CN,20200413,13,12,0,0,1"
"CT,20200413,596,548,0,2,46"
"EX,20200413,68,24,44,0,0"
"GA,20200413,110,103,7,0,0"
"IB,20200413,15,10,4,0,1"
"MC,20200413,7,1,6,0,0"
"MD,20200413,381,380,0,0,1"
"ML,20200413,1,1,0,0,0"
"NC,20200413,87,56,31,0,0"
"PV,20200413,130,109,0,0,21"
"RI,20200413,29,25,4,0,0"
"VC,20200413,99,63,31,0,5"
"AN,20200414,209,57,152,0,0"
"AR,20200414,53,45,0,0,8"
"AS,20200414,30,30,0,0,0"
"CB,20200414,14,14,0,0,0"
"CE,20200414,0,0,0,0,0"
"CL,20200414,460,200,260,0,0"
"CM,20200414,238,68,17,0,153"
"CN,20200414,13,12,0,0,1"
"CT,20200414,719,690,0,1,28"
"EX,20200414,87,28,59,0,0"
"GA,20200414,100,64,34,0,2"
"IB,20200414,10,8,2,0,0"
"MC,20200414,7,5,2,0,0"
"MD,20200414,492,492,0,0,0"
"ML,20200414,0,0,0,0,0"
"NC,20200414,100,48,52,0,0"
"PV,20200414,104,89,0,0,15"
"RI,20200414,24,24,0,0,0"
"VC,20200414,98,63,29,0,6"
"AN,20200415,217,91,126,0,0"
"AR,20200415,76,61,0,0,15"
"AS,20200415,40,40,0,0,0"
"CB,20200415,17,17,0,0,0"
"CE,20200415,0,0,0,0,0"
"CL,20200415,342,174,168,0,0"
"CM,20200415,180,77,6,0,97"
"CN,20200415,15,15,0,0,0"
"CT,20200415,744,720,0,1,23"
"EX,20200415,97,25,72,0,0"
"GA,20200415,199,97,100,0,2"
"IB,20200415,9,5,4,0,0"
"MC,20200415,9,5,3,0,1"
"MD,20200415,503,502,0,0,1"
"ML,20200415,0,0,0,0,0"
"NC,20200415,78,35,43,0,0"
"PV,20200415,109,99,0,0,10"
"RI,20200415,16,14,2,0,0"
"VC,20200415,151,72,75,0,4"
"AN,20200416,175,50,125,0,0"
"AR,20200416,63,55,0,0,8"
"AS,20200416,12,12,0,0,0"
"CB,20200416,18,18,0,0,0"
"CE,20200416,1,1,0,0,0"
"CL,20200416,297,142,155,0,0"
"CM,20200416,129,35,10,0,84"
"CN,20200416,15,14,0,0,1"
"CT,20200416,711,697,0,0,14"
"EX,20200416,69,23,45,1,0"
"GA,20200416,108,69,36,0,3"
"IB,20200416,14,14,0,0,0"
"MC,20200416,1,0,1,0,0"
"MD,20200416,594,593,0,0,1"
"ML,20200416,0,0,0,0,0"
"NC,20200416,61,30,31,0,0"
"PV,20200416,128,108,0,0,20"
"RI,20200416,29,28,1,0,0"
"VC,20200416,130,52,75,0,3"
"AN,20200417,141,63,78,0,0"
"AR,20200417,71,55,0,0,16"
"AS,20200417,12,12,0,0,0"
"CB,20200417,26,26,0,0,0"
"CE,20200417,1,0,1,0,0"
"CL,20200417,204,144,60,0,0"
"CM,20200417,147,25,14,0,108"
"CN,20200417,8,8,0,0,0"
"CT,20200417,607,580,0,0,27"
"EX,20200417,101,28,73,0,0"
"GA,20200417,98,52,43,0,3"
"IB,20200417,11,7,3,0,1"
"MC,20200417,6,3,3,0,0"
"MD,20200417,388,388,0,0,0"
"ML,20200417,0,0,0,0,0"
"NC,20200417,86,44,42,0,0"
"PV,20200417,150,132,0,0,18"
"RI,20200417,25,23,2,0,0"
"VC,20200417,157,82,72,0,3"
"AN,20200418,135,41,94,0,0"
"AR,20200418,57,55,0,0,2"
"AS,20200418,9,9,0,0,0"
"CB,20200418,13,13,0,0,0"
"CE,20200418,1,0,1,0,0"
"CL,20200418,170,94,75,1,0"
"CM,20200418,98,33,6,0,59"
"CN,20200418,9,9,0,0,0"
"CT,20200418,451,427,0,0,24"
"EX,20200418,91,18,73,0,0"
"GA,20200418,107,62,45,0,0"
"IB,20200418,14,12,2,0,0"
"MC,20200418,5,0,5,0,0"
"MD,20200418,466,466,0,0,0"
"ML,20200418,0,0,0,0,0"
"NC,20200418,65,39,26,0,0"
"PV,20200418,108,97,0,0,11"
"RI,20200418,17,17,0,0,0"
"VC,20200418,198,51,142,0,5"
"AN,20200419,74,28,46,0,0"
"AR,20200419,43,34,0,0,9"
"AS,20200419,6,6,0,0,0"
"CB,20200419,15,15,0,0,0"
"CE,20200419,0,0,0,0,0"
"CL,20200419,218,137,81,0,0"
"CM,20200419,110,37,1,0,72"
"CN,20200419,15,15,0,0,0"
"CT,20200419,264,254,0,0,10"
"EX,20200419,48,11,36,1,0"
"GA,20200419,57,47,10,0,0"
"IB,20200419,10,8,2,0,0"
"MC,20200419,4,3,1,0,0"
"MD,20200419,264,264,0,0,0"
"ML,20200419,0,0,0,0,0"
"NC,20200419,46,35,11,0,0"
"PV,20200419,54,50,0,0,4"
"RI,20200419,14,14,0,0,0"
"VC,20200419,71,25,45,0,1"
"AN,20200420,76,36,40,0,0"
"AR,20200420,49,34,0,0,15"
"AS,20200420,7,7,0,0,0"
"CB,20200420,24,24,0,0,0"
"CE,20200420,1,1,0,0,0"
"CL,20200420,260,195,64,1,0"
"CM,20200420,144,54,3,0,87"
"CN,20200420,16,15,0,0,1"
"CT,20200420,363,336,0,1,26"
"EX,20200420,49,31,18,0,0"
"GA,20200420,89,62,23,0,4"
"IB,20200420,18,14,3,0,1"
"MC,20200420,2,1,1,0,0"
"MD,20200420,276,276,0,0,0"
"ML,20200420,2,2,0,0,0"
"NC,20200420,63,31,32,0,0"
"PV,20200420,82,78,0,0,4"
"RI,20200420,9,9,0,0,0"
"VC,20200420,71,34,34,0,3"
"AN,20200421,154,38,116,0,0"
"AR,20200421,132,36,0,0,96"
"AS,20200421,16,16,0,0,0"
"CB,20200421,10,10,0,0,0"
"CE,20200421,2,0,2,0,0"
"CL,20200421,278,119,159,0,0"
"CM,20200421,147,34,4,0,109"
"CN,20200421,7,7,0,0,0"
"CT,20200421,199,179,0,1,19"
"EX,20200421,69,16,53,0,0"
"GA,20200421,98,43,48,0,7"
"IB,20200421,11,7,4,0,0"
"MC,20200421,6,1,5,0,0"
"MD,20200421,475,475,0,0,0"
"ML,20200421,0,0,0,0,0"
"NC,20200421,30,11,19,0,0"
"PV,20200421,78,70,0,0,8"
"RI,20200421,6,4,2,0,0"
"VC,20200421,179,51,123,0,5"
"AN,20200422,134,27,107,0,0"
"AR,20200422,101,58,0,0,43"
"AS,20200422,8,8,0,0,0"
"CB,20200422,26,26,0,0,0"
"CE,20200422,3,1,2,0,0"
"CL,20200422,256,164,92,0,0"
"CM,20200422,151,24,5,0,122"
"CN,20200422,7,7,0,0,0"
"CT,20200422,325,303,0,1,21"
"EX,20200422,84,26,58,0,0"
"GA,20200422,134,48,75,0,11"
"IB,20200422,8,5,2,0,1"
"MC,20200422,8,3,5,0,0"
"MD,20200422,456,456,0,0,0"
"ML,20200422,1,1,0,0,0"
"NC,20200422,53,21,32,0,0"
"PV,20200422,65,49,0,0,16"
"RI,20200422,15,14,1,0,0"
"VC,20200422,157,36,120,0,1"
"AN,20200423,168,35,133,0,0"
"AR,20200423,28,22,0,0,6"
"AS,20200423,9,9,0,0,0"
"CB,20200423,26,26,0,0,0"
"CE,20200423,3,0,3,0,0"
"CL,20200423,211,79,132,0,0"
"CM,20200423,89,22,2,0,65"
"CN,20200423,5,3,0,0,2"
"CT,20200423,272,257,0,0,15"
"EX,20200423,84,14,70,0,0"
"GA,20200423,124,56,60,0,8"
"IB,20200423,5,5,0,0,0"
"MC,20200423,12,3,9,0,0"
"MD,20200423,368,368,0,0,0"
"ML,20200423,0,0,0,0,0"
"NC,20200423,56,19,37,0,0"
"PV,20200423,66,58,0,0,8"
"RI,20200423,13,13,0,0,0"
"VC,20200423,191,43,142,0,6"
"AN,20200424,169,45,124,0,0"
"AR,20200424,25,20,0,1,4"
"AS,20200424,17,17,0,0,0"
"CB,20200424,13,13,0,0,0"
"CE,20200424,1,0,1,0,0"
"CL,20200424,292,138,154,0,0"
"CM,20200424,56,15,0,1,40"
"CN,20200424,11,10,0,0,1"
"CT,20200424,270,244,0,1,25"
"EX,20200424,112,16,96,0,0"
"GA,20200424,124,38,79,0,7"
"IB,20200424,9,8,1,0,0"
"MC,20200424,6,0,6,0,0"
"MD,20200424,236,235,0,0,1"
"ML,20200424,1,1,0,0,0"
"NC,20200424,62,21,41,0,0"
"PV,20200424,97,85,0,0,12"
"RI,20200424,4,3,1,0,0"
"VC,20200424,230,40,187,0,3"
"AN,20200425,57,24,33,0,0"
"AR,20200425,33,19,0,0,14"
"AS,20200425,3,3,0,0,0"
"CB,20200425,12,12,0,0,0"
"CE,20200425,1,1,0,0,0"
"CL,20200425,139,87,52,0,0"
"CM,20200425,49,11,2,0,36"
"CN,20200425,4,4,0,0,0"
"CT,20200425,172,161,0,1,10"
"EX,20200425,87,23,64,0,0"
"GA,20200425,36,25,10,0,1"
"IB,20200425,11,10,1,0,0"
"MC,20200425,3,2,1,0,0"
"MD,20200425,129,129,0,0,0"
"ML,20200425,1,1,0,0,0"
"NC,20200425,39,21,18,0,0"
"PV,20200425,47,38,0,0,9"
"RI,20200425,5,5,0,0,0"
"VC,20200425,106,38,66,0,2"
"AN,20200426,36,15,21,0,0"
"AR,20200426,21,16,0,0,5"
"AS,20200426,5,5,0,0,0"
"CB,20200426,4,4,0,0,0"
"CE,20200426,0,0,0,0,0"
"CL,20200426,108,41,67,0,0"
"CM,20200426,95,17,4,0,74"
"CN,20200426,2,2,0,0,0"
"CT,20200426,138,132,0,0,6"
"EX,20200426,24,12,12,0,0"
"GA,20200426,26,16,8,0,2"
"IB,20200426,0,0,0,0,0"
"MC,20200426,6,3,3,0,0"
"MD,20200426,123,123,0,0,0"
"ML,20200426,0,0,0,0,0"
"NC,20200426,12,8,4,0,0"
"PV,20200426,42,31,0,0,11"
"RI,20200426,4,2,2,0,0"
"VC,20200426,38,19,18,0,1"
"AN,20200427,44,14,30,0,0"
"AR,20200427,64,23,0,0,41"
"AS,20200427,5,5,0,0,0"
"CB,20200427,2,2,0,0,0"
"CE,20200427,1,1,0,0,0"
"CL,20200427,132,44,88,0,0"
"CM,20200427,104,24,1,0,79"
"CN,20200427,3,3,0,0,0"
"CT,20200427,141,121,0,0,20"
"EX,20200427,20,10,10,0,0"
"GA,20200427,57,28,24,0,5"
"IB,20200427,3,3,0,0,0"
"MC,20200427,1,0,1,0,0"
"MD,20200427,183,183,0,0,0"
"ML,20200427,0,0,0,0,0"
"NC,20200427,23,20,3,0,0"
"PV,20200427,30,28,0,0,2"
"RI,20200427,4,4,0,0,0"
"VC,20200427,51,20,30,0,1"
"AN,20200428,130,18,112,0,0"
"AR,20200428,126,28,0,1,97"
"AS,20200428,10,10,0,0,0"
"CB,20200428,5,5,0,0,0"
"CE,20200428,2,1,1,0,0"
"CL,20200428,323,64,259,0,0"
"CM,20200428,93,18,1,0,74"
"CN,20200428,4,1,0,0,3"
"CT,20200428,157,150,0,0,7"
"EX,20200428,26,5,21,0,0"
"GA,20200428,80,20,51,0,9"
"IB,20200428,5,4,0,0,1"
"MC,20200428,16,0,16,0,0"
"MD,20200428,230,230,0,0,0"
"ML,20200428,0,0,0,0,0"
"NC,20200428,32,13,19,0,0"
"PV,20200428,49,38,0,0,11"
"RI,20200428,10,10,0,0,0"
"VC,20200428,120,37,82,0,1"
"AN,20200429,162,32,130,0,0"
"AR,20200429,39,23,0,0,16"
"AS,20200429,3,3,0,0,0"
"CB,20200429,4,4,0,0,0"
"CE,20200429,4,4,0,0,0"
"CL,20200429,244,47,197,0,0"
"CM,20200429,71,10,2,2,57"
"CN,20200429,4,3,0,0,1"
"CT,20200429,150,138,0,0,12"
"EX,20200429,59,15,44,0,0"
"GA,20200429,113,43,69,0,1"
"IB,20200429,3,2,1,0,0"
"MC,20200429,10,2,8,0,0"
"MD,20200429,212,212,0,0,0"
"ML,20200429,1,1,0,0,0"
"NC,20200429,50,18,32,0,0"
"PV,20200429,39,31,0,0,8"
"RI,20200429,5,5,0,0,0"
"VC,20200429,138,34,103,0,1"
"AN,20200430,118,21,97,0,0"
"AR,20200430,38,25,0,0,13"
"AS,20200430,10,10,0,0,0"
"CB,20200430,12,12,0,0,0"
"CE,20200430,0,0,0,0,0"
"CL,20200430,235,67,168,0,0"
"CM,20200430,75,9,0,0,66"
"CN,20200430,4,4,0,0,0"
"CT,20200430,187,175,0,0,12"
"EX,20200430,86,13,73,0,0"
"GA,20200430,96,24,58,0,14"
"IB,20200430,5,5,0,0,0"
"MC,20200430,25,1,24,0,0"
"MD,20200430,171,171,0,0,0"
"ML,20200430,1,1,0,0,0"
"NC,20200430,57,16,41,0,0"
"PV,20200430,33,26,0,0,7"
"RI,20200430,2,2,0,0,0"
"VC,20200430,114,19,94,0,1"
"AN,20200501,100,16,84,0,0"
"AR,20200501,15,15,0,0,0"
"AS,20200501,2,2,0,0,0"
"CB,20200501,16,16,0,0,0"
"CE,20200501,1,1,0,0,0"
"CL,20200501,336,53,281,2,0"
"CM,20200501,22,10,3,0,9"
"CN,20200501,9,9,0,0,0"
"CT,20200501,162,151,0,1,10"
"EX,20200501,97,23,74,0,0"
"GA,20200501,108,19,80,0,9"
"IB,20200501,10,8,2,0,0"
"MC,20200501,8,1,7,0,0"
"MD,20200501,191,191,0,0,0"
"ML,20200501,0,0,0,0,0"
"NC,20200501,72,21,51,0,0"
"PV,20200501,40,31,0,0,9"
"RI,20200501,1,1,0,0,0"
"VC,20200501,94,23,70,1,0"
"AN,20200502,95,15,80,0,0"
"AR,20200502,20,16,0,1,3"
"AS,20200502,3,3,0,0,0"
"CB,20200502,0,0,0,0,0"
"CE,20200502,2,2,0,0,0"
"CL,20200502,343,57,286,0,0"
"CM,20200502,17,7,4,0,6"
"CN,20200502,5,5,0,0,0"
"CT,20200502,154,149,0,0,5"
"EX,20200502,58,13,45,0,0"
"GA,20200502,84,23,46,0,15"
"IB,20200502,3,1,2,0,0"
"MC,20200502,17,1,16,0,0"
"MD,20200502,166,166,0,0,0"
"ML,20200502,0,0,0,0,0"
"NC,20200502,70,16,54,0,0"
"PV,20200502,50,41,0,0,9"
"RI,20200502,2,1,1,0,0"
"VC,20200502,110,31,76,0,3"
"AN,20200503,27,8,19,0,0"
"AR,20200503,17,15,0,2,0"
"AS,20200503,3,3,0,0,0"
"CB,20200503,3,3,0,0,0"
"CE,20200503,0,0,0,0,0"
"CL,20200503,113,58,55,0,0"
"CM,20200503,48,6,2,0,40"
"CN,20200503,0,0,0,0,0"
"CT,20200503,136,127,0,0,9"
"EX,20200503,11,5,6,0,0"
"GA,20200503,45,9,36,0,0"
"IB,20200503,4,3,1,0,0"
"MC,20200503,4,1,3,0,0"
"MD,20200503,71,71,0,0,0"
"ML,20200503,0,0,0,0,0"
"NC,20200503,23,10,13,0,0"
"PV,20200503,35,28,0,0,7"
"RI,20200503,2,2,0,0,0"
"VC,20200503,45,14,29,0,2"
"AN,20200504,49,18,31,0,0"
"AR,20200504,30,30,0,0,0"
"AS,20200504,4,4,0,0,0"
"CB,20200504,1,1,0,0,0"
"CE,20200504,0,0,0,0,0"
"CL,20200504,90,26,64,0,0"
"CM,20200504,20,14,1,3,2"
"CN,20200504,3,3,0,0,0"
"CT,20200504,114,107,0,1,6"
"EX,20200504,20,12,8,0,0"
"GA,20200504,75,13,49,0,13"
"IB,20200504,1,1,0,0,0"
"MC,20200504,2,1,1,0,0"
"MD,20200504,93,93,0,0,0"
"ML,20200504,0,0,0,0,0"
"NC,20200504,20,13,7,0,0"
"PV,20200504,18,13,0,0,5"
"RI,20200504,2,2,0,0,0"
"VC,20200504,28,6,21,0,1"
"AN,20200505,81,20,61,0,0"
"AR,20200505,43,7,0,0,36"
"AS,20200505,6,6,0,0,0"
"CB,20200505,10,10,0,0,0"
"CE,20200505,1,1,0,0,0"
"CL,20200505,49,19,30,0,0"
"CM,20200505,25,21,0,4,0"
"CN,20200505,4,4,0,0,0"
"CT,20200505,95,58,0,30,7"
"EX,20200505,41,1,40,0,0"
"GA,20200505,137,11,107,0,19"
"IB,20200505,10,10,0,0,0"
"MC,20200505,3,2,1,0,0"
"MD,20200505,168,167,0,0,1"
"ML,20200505,0,0,0,0,0"
"NC,20200505,8,8,0,0,0"
"PV,20200505,31,29,0,0,2"
"RI,20200505,0,0,0,0,0"
"VC,20200505,29,21,8,0,0"
"AN,20200506,38,15,23,0,0"
"AR,20200506,49,10,0,2,37"
"AS,20200506,4,4,0,0,0"
"CB,20200506,5,5,0,0,0"
"CE,20200506,2,2,0,0,0"
"CL,20200506,41,26,15,0,0"
"CM,20200506,28,26,0,2,0"
"CN,20200506,1,1,0,0,0"
"CT,20200506,91,56,0,27,8"
"EX,20200506,41,10,31,0,0"
"GA,20200506,69,24,39,1,5"
"IB,20200506,5,5,0,0,0"
"MC,20200506,5,5,0,0,0"
"MD,20200506,179,179,0,0,0"
"ML,20200506,0,0,0,0,0"
"NC,20200506,10,8,2,0,0"
"PV,20200506,32,21,0,0,11"
"RI,20200506,3,3,0,0,0"
"VC,20200506,22,19,2,0,1"
"AN,20200507,34,12,21,1,0"
"AR,20200507,32,30,0,0,2"
"AS,20200507,3,3,0,0,0"
"CB,20200507,0,0,0,0,0"
"CE,20200507,1,1,0,0,0"
"CL,20200507,66,57,9,0,0"
"CM,20200507,37,34,0,3,0"
"CN,20200507,5,5,0,0,0"
"CT,20200507,148,115,0,30,3"
"EX,20200507,57,8,49,0,0"
"GA,20200507,53,13,30,0,10"
"IB,20200507,11,11,0,0,0"
"MC,20200507,4,4,0,0,0"
"MD,20200507,160,160,0,0,0"
"ML,20200507,0,0,0,0,0"
"NC,20200507,7,7,0,0,0"
"PV,20200507,38,27,0,0,11"
"RI,20200507,3,3,0,0,0"
"VC,20200507,20,11,9,0,0"
"AN,20200508,21,12,9,0,0"
"AR,20200508,25,23,0,0,2"
"AS,20200508,5,5,0,0,0"
"CB,20200508,2,2,0,0,0"
"CE,20200508,0,0,0,0,0"
"CL,20200508,58,45,13,0,0"
"CM,20200508,29,27,0,2,0"
"CN,20200508,2,2,0,0,0"
"CT,20200508,172,121,0,47,4"
"EX,20200508,34,4,29,1,0"
"GA,20200508,45,9,28,0,8"
"IB,20200508,7,7,0,0,0"
"MC,20200508,3,3,0,0,0"
"MD,20200508,148,148,0,0,0"
"ML,20200508,0,0,0,0,0"
"NC,20200508,22,22,0,0,0"
"PV,20200508,34,26,0,0,8"
"RI,20200508,3,3,0,0,0"
"VC,20200508,20,13,7,0,0"
"AN,20200509,22,11,10,0,1"
"AR,20200509,15,15,0,0,0"
"AS,20200509,4,4,0,0,0"
"CB,20200509,1,1,0,0,0"
"CE,20200509,0,0,0,0,0"
"CL,20200509,40,35,4,1,0"
"CM,20200509,34,32,0,2,0"
"CN,20200509,4,4,0,0,0"
"CT,20200509,170,127,0,38,5"
"EX,20200509,53,3,50,0,0"
"GA,20200509,24,13,9,0,2"
"IB,20200509,6,6,0,0,0"
"MC,20200509,1,1,0,0,0"
"MD,20200509,104,104,0,0,0"
"ML,20200509,0,0,0,0,0"
"NC,20200509,10,9,1,0,0"
"PV,20200509,28,21,0,0,7"
"RI,20200509,2,0,0,2,0"
"VC,20200509,17,16,1,0,0"
"AN,20200510,7,7,0,0,0"
"AR,20200510,10,9,0,0,1"
"AS,20200510,1,1,0,0,0"
"CB,20200510,5,4,1,0,0"
"CE,20200510,0,0,0,0,0"
"CL,20200510,27,25,2,0,0"
"CM,20200510,20,17,1,2,0"
"CN,20200510,5,5,0,0,0"
"CT,20200510,115,112,0,0,3"
"EX,20200510,6,4,2,0,0"
"GA,20200510,11,8,3,0,0"
"IB,20200510,7,6,1,0,0"
"MC,20200510,1,1,0,0,0"
"MD,20200510,55,55,0,0,0"
"ML,20200510,0,0,0,0,0"
"NC,20200510,8,7,1,0,0"
"PV,20200510,13,9,0,0,4"
"RI,20200510,2,2,0,0,0"
"VC,20200510,15,15,0,0,0"
"AN,20200511,13,9,4,0,0"
"AR,20200511,14,12,0,1,1"
"AS,20200511,3,3,0,0,0"
"CB,20200511,3,2,1,0,0"
"CE,20200511,0,0,0,0,0"
"CL,20200511,21,20,1,0,0"
"CM,20200511,22,18,0,4,0"
"CN,20200511,0,0,0,0,0"
"CT,20200511,75,74,0,1,0"
"EX,20200511,10,6,4,0,0"
"GA,20200511,8,6,0,0,2"
"IB,20200511,3,3,0,0,0"
"MC,20200511,2,2,0,0,0"
"MD,20200511,88,88,0,0,0"
"ML,20200511,0,0,0,0,0"
"NC,20200511,27,27,0,0,0"
"PV,20200511,15,14,0,0,1"
"RI,20200511,4,3,0,1,0"
"VC,20200511,15,15,0,0,0"
"AN,20200512,18,16,2,0,0"
"AR,20200512,19,17,0,0,2"
"AS,20200512,0,0,0,0,0"
"CB,20200512,2,1,1,0,0"
"CE,20200512,2,2,0,0,0"
"CL,20200512,33,29,2,2,0"
"CM,20200512,25,20,0,5,0"
"CN,20200512,2,2,0,0,0"
"CT,20200512,182,144,0,37,1"
"EX,20200512,35,4,30,1,0"
"GA,20200512,10,9,0,1,0"
"IB,20200512,8,8,0,0,0"
"MC,20200512,0,0,0,0,0"
"MD,20200512,107,107,0,0,0"
"ML,20200512,0,0,0,0,0"
"NC,20200512,4,4,0,0,0"
"PV,20200512,23,19,0,0,4"
"RI,20200512,3,3,0,0,0"
"VC,20200512,16,16,0,0,0"
"AN,20200513,14,12,2,0,0"
"AR,20200513,23,23,0,0,0"
"AS,20200513,2,2,0,0,0"
"CB,20200513,2,2,0,0,0"
"CE,20200513,0,0,0,0,0"
"CL,20200513,37,35,1,1,0"
"CM,20200513,42,36,0,5,1"
"CN,20200513,10,10,0,0,0"
"CT,20200513,193,147,0,46,0"
"EX,20200513,34,2,31,1,0"
"GA,20200513,10,10,0,0,0"
"IB,20200513,8,8,0,0,0"
"MC,20200513,4,4,0,0,0"
"MD,20200513,133,132,0,0,1"
"ML,20200513,0,0,0,0,0"
"NC,20200513,10,10,0,0,0"
"PV,20200513,20,17,0,0,3"
"RI,20200513,5,4,0,1,0"
"VC,20200513,14,14,0,0,0"
"AN,20200514,20,16,4,0,0"
"AR,20200514,21,21,0,0,0"
"AS,20200514,0,0,0,0,0"
"CB,20200514,2,2,0,0,0"
"CE,20200514,1,1,0,0,0"
"CL,20200514,25,24,0,1,0"
"CM,20200514,28,28,0,0,0"
"CN,20200514,3,3,0,0,0"
"CT,20200514,191,139,0,52,0"
"EX,20200514,23,1,22,0,0"
"GA,20200514,10,9,1,0,0"
"IB,20200514,9,9,0,0,0"
"MC,20200514,0,0,0,0,0"
"MD,20200514,121,121,0,0,0"
"ML,20200514,0,0,0,0,0"
"NC,20200514,5,5,0,0,0"
"PV,20200514,14,10,0,0,4"
"RI,20200514,2,2,0,0,0"
"VC,20200514,17,17,0,0,0"
"AN,20200515,11,8,3,0,0"
"AR,20200515,19,19,0,0,0"
"AS,20200515,2,2,0,0,0"
"CB,20200515,5,5,0,0,0"
"CE,20200515,0,0,0,0,0"
"CL,20200515,38,36,0,2,0"
"CM,20200515,25,23,0,2,0"
"CN,20200515,5,5,0,0,0"
"CT,20200515,239,173,0,66,0"
"EX,20200515,25,3,22,0,0"
"GA,20200515,13,12,0,1,0"
"IB,20200515,12,11,1,0,0"
"MC,20200515,0,0,0,0,0"
"MD,20200515,112,112,0,0,0"
"ML,20200515,0,0,0,0,0"
"NC,20200515,5,5,0,0,0"
"PV,20200515,13,10,0,0,3"
"RI,20200515,1,1,0,0,0"
"VC,20200515,8,8,0,0,0"
"AN,20200516,11,5,5,1,0"
"AR,20200516,19,17,0,0,2"
"AS,20200516,1,1,0,0,0"
"CB,20200516,1,1,0,0,0"
"CE,20200516,1,1,0,0,0"
"CL,20200516,46,43,1,2,0"
"CM,20200516,47,43,0,4,0"
"CN,20200516,4,4,0,0,0"
"CT,20200516,303,233,0,70,0"
"EX,20200516,23,3,20,0,0"
"GA,20200516,4,4,0,0,0"
"IB,20200516,1,1,0,0,0"
"MC,20200516,1,1,0,0,0"
"MD,20200516,79,79,0,0,0"
"ML,20200516,0,0,0,0,0"
"NC,20200516,4,4,0,0,0"
"PV,20200516,17,8,0,0,9"
"RI,20200516,1,1,0,0,0"
"VC,20200516,15,15,0,0,0"
"AN,20200517,7,6,1,0,0"
"AR,20200517,13,13,0,0,0"
"AS,20200517,5,5,0,0,0"
"CB,20200517,1,1,0,0,0"
"CE,20200517,0,0,0,0,0"
"CL,20200517,13,13,0,0,0"
"CM,20200517,23,18,0,4,1"
"CN,20200517,2,2,0,0,0"
"CT,20200517,120,118,0,2,0"
"EX,20200517,4,1,3,0,0"
"GA,20200517,8,8,0,0,0"
"IB,20200517,6,6,0,0,0"
"MC,20200517,1,1,0,0,0"
"MD,20200517,44,44,0,0,0"
"ML,20200517,0,0,0,0,0"
"NC,20200517,12,12,0,0,0"
"PV,20200517,7,7,0,0,0"
"RI,20200517,0,0,0,0,0"
"VC,20200517,7,7,0,0,0"
"AN,20200518,5,5,0,0,0"
"AR,20200518,9,9,0,0,0"
"AS,20200518,1,1,0,0,0"
"CB,20200518,2,2,0,0,0"
"CE,20200518,1,1,0,0,0"
"CL,20200518,12,12,0,0,0"
"CM,20200518,27,24,0,3,0"
"CN,20200518,4,4,0,0,0"
"CT,20200518,158,157,0,0,1"
"EX,20200518,2,1,1,0,0"
"GA,20200518,6,6,0,0,0"
"IB,20200518,4,4,0,0,0"
"MC,20200518,2,2,0,0,0"
"MD,20200518,63,63,0,0,0"
"ML,20200518,1,1,0,0,0"
"NC,20200518,5,5,0,0,0"
"PV,20200518,8,5,0,0,3"
"RI,20200518,2,2,0,0,0"
"VC,20200518,15,15,0,0,0"
"AN,20200519,7,7,0,0,0"
"AR,20200519,14,14,0,0,0"
"AS,20200519,0,0,0,0,0"
"CB,20200519,2,2,0,0,0"
"CE,20200519,7,7,0,0,0"
"CL,20200519,32,31,1,0,0"
"CM,20200519,26,24,0,1,1"
"CN,20200519,4,4,0,0,0"
"CT,20200519,189,128,0,61,0"
"EX,20200519,11,2,9,0,0"
"GA,20200519,5,5,0,0,0"
"IB,20200519,7,7,0,0,0"
"MC,20200519,1,1,0,0,0"
"MD,20200519,86,86,0,0,0"
"ML,20200519,0,0,0,0,0"
"NC,20200519,7,7,0,0,0"
"PV,20200519,4,4,0,0,0"
"RI,20200519,5,5,0,0,0"
"VC,20200519,6,6,0,0,0"
"AN,20200520,7,7,0,0,0"
"AR,20200520,13,12,0,1,0"
"AS,20200520,1,1,0,0,0"
"CB,20200520,2,2,0,0,0"
"CE,20200520,0,0,0,0,0"
"CL,20200520,47,46,0,1,0"
"CM,20200520,35,31,0,4,0"
"CN,20200520,3,3,0,0,0"
"CT,20200520,203,146,0,55,2"
"EX,20200520,13,2,11,0,0"
"GA,20200520,1,1,0,0,0"
"IB,20200520,3,3,0,0,0"
"MC,20200520,0,0,0,0,0"
"MD,20200520,123,123,0,0,0"
"ML,20200520,0,0,0,0,0"
"NC,20200520,6,6,0,0,0"
"PV,20200520,9,7,0,0,2"
"RI,20200520,4,4,0,0,0"
"VC,20200520,11,11,0,0,0"
"AN,20200521,10,10,0,0,0"
"AR,20200521,13,13,0,0,0"
"AS,20200521,1,1,0,0,0"
"CB,20200521,2,2,0,0,0"
"CE,20200521,3,3,0,0,0"
"CL,20200521,32,31,0,1,0"
"CM,20200521,32,31,0,1,0"
"CN,20200521,1,1,0,0,0"
"CT,20200521,147,105,0,42,0"
"EX,20200521,8,1,7,0,0"
"GA,20200521,2,2,0,0,0"
"IB,20200521,6,6,0,0,0"
"MC,20200521,2,2,0,0,0"
"MD,20200521,85,85,0,0,0"
"ML,20200521,0,0,0,0,0"
"NC,20200521,14,14,0,0,0"
"PV,20200521,5,3,0,0,2"
"RI,20200521,4,3,0,1,0"
"VC,20200521,14,14,0,0,0"
"AN,20200522,6,5,1,0,0"
"AR,20200522,13,12,0,1,0"
"AS,20200522,1,1,0,0,0"
"CB,20200522,1,1,0,0,0"
"CE,20200522,4,4,0,0,0"
"CL,20200522,44,43,1,0,0"
"CM,20200522,41,38,0,2,1"
"CN,20200522,6,6,0,0,0"
"CT,20200522,181,117,0,63,1"
"EX,20200522,8,0,7,1,0"
"GA,20200522,2,2,0,0,0"
"IB,20200522,11,11,0,0,0"
"MC,20200522,3,3,0,0,0"
"MD,20200522,122,122,0,0,0"
"ML,20200522,0,0,0,0,0"
"NC,20200522,10,10,0,0,0"
"PV,20200522,9,6,0,0,3"
"RI,20200522,3,3,0,0,0"
"VC,20200522,11,11,0,0,0"
"AN,20200523,9,9,0,0,0"
"AR,20200523,12,10,0,2,0"
"AS,20200523,13,13,0,0,0"
"CB,20200523,3,3,0,0,0"
"CE,20200523,5,5,0,0,0"
"CL,20200523,41,41,0,0,0"
"CM,20200523,30,29,0,1,0"
"CN,20200523,9,9,0,0,0"
"CT,20200523,174,130,0,44,0"
"EX,20200523,8,1,7,0,0"
"GA,20200523,4,4,0,0,0"
"IB,20200523,4,4,0,0,0"
"MC,20200523,2,2,0,0,0"
"MD,20200523,119,119,0,0,0"
"ML,20200523,0,0,0,0,0"
"NC,20200523,7,7,0,0,0"
"PV,20200523,5,4,0,0,1"
"RI,20200523,3,3,0,0,0"
"VC,20200523,8,8,0,0,0"
"AN,20200524,10,10,0,0,0"
"AR,20200524,9,9,0,0,0"
"AS,20200524,3,3,0,0,0"
"CB,20200524,1,1,0,0,0"
"CE,20200524,2,2,0,0,0"
"CL,20200524,45,45,0,0,0"
"CM,20200524,36,34,0,2,0"
"CN,20200524,2,2,0,0,0"
"CT,20200524,104,100,0,3,1"
"EX,20200524,7,3,4,0,0"
"GA,20200524,4,4,0,0,0"
"IB,20200524,0,0,0,0,0"
"MC,20200524,0,0,0,0,0"
"MD,20200524,44,44,0,0,0"
"ML,20200524,0,0,0,0,0"
"NC,20200524,5,5,0,0,0"
"PV,20200524,4,3,0,0,1"
"RI,20200524,0,0,0,0,0"
"VC,20200524,2,2,0,0,0"
"AN,20200525,8,8,0,0,0"
"AR,20200525,9,9,0,0,0"
"AS,20200525,3,3,0,0,0"
"CB,20200525,1,1,0,0,0"
"CE,20200525,2,2,0,0,0"
"CL,20200525,28,27,0,1,0"
"CM,20200525,28,27,0,1,0"
"CN,20200525,2,2,0,0,0"
"CT,20200525,100,99,0,1,0"
"EX,20200525,3,3,0,0,0"
"GA,20200525,2,1,1,0,0"
"IB,20200525,2,2,0,0,0"
"MC,20200525,0,0,0,0,0"
"MD,20200525,85,85,0,0,0"
"ML,20200525,0,0,0,0,0"
"NC,20200525,4,4,0,0,0"
"PV,20200525,4,4,0,0,0"
"RI,20200525,2,1,0,1,0"
"VC,20200525,5,5,0,0,0"
"AN,20200526,15,15,0,0,0"
"AR,20200526,10,10,0,0,0"
"AS,20200526,2,2,0,0,0"
"CB,20200526,2,2,0,0,0"
"CE,20200526,5,5,0,0,0"
"CL,20200526,29,29,0,0,0"
"CM,20200526,28,26,0,1,1"
"CN,20200526,4,4,0,0,0"
"CT,20200526,56,52,0,4,0"
"EX,20200526,14,3,11,0,0"
"GA,20200526,2,2,0,0,0"
"IB,20200526,3,3,0,0,0"
"MC,20200526,3,3,0,0,0"
"MD,20200526,109,109,0,0,0"
"ML,20200526,1,1,0,0,0"
"NC,20200526,1,1,0,0,0"
"PV,20200526,7,6,0,0,1"
"RI,20200526,1,1,0,0,0"
"VC,20200526,11,11,0,0,0"
"AN,20200527,11,11,0,0,0"
"AR,20200527,14,13,0,0,1"
"AS,20200527,0,0,0,0,0"
"CB,20200527,1,1,0,0,0"
"CE,20200527,0,0,0,0,0"
"CL,20200527,18,18,0,0,0"
"CM,20200527,37,27,0,10,0"
"CN,20200527,6,6,0,0,0"
"CT,20200527,92,74,0,18,0"
"EX,20200527,8,2,6,0,0"
"GA,20200527,1,1,0,0,0"
"IB,20200527,5,5,0,0,0"
"MC,20200527,4,4,0,0,0"
"MD,20200527,91,91,0,0,0"
"ML,20200527,0,0,0,0,0"
"NC,20200527,2,2,0,0,0"
"PV,20200527,4,4,0,0,0"
"RI,20200527,2,2,0,0,0"
"VC,20200527,17,17,0,0,0"
"AN,20200528,12,12,0,0,0"
"AR,20200528,4,4,0,0,0"
"AS,20200528,0,0,0,0,0"
"CB,20200528,1,1,0,0,0"
"CE,20200528,5,5,0,0,0"
"CL,20200528,28,28,0,0,0"
"CM,20200528,43,42,0,1,0"
"CN,20200528,4,4,0,0,0"
"CT,20200528,121,96,0,25,0"
"EX,20200528,0,0,0,0,0"
"GA,20200528,2,2,0,0,0"
"IB,20200528,6,5,1,0,0"
"MC,20200528,1,1,0,0,0"
"MD,20200528,133,133,0,0,0"
"ML,20200528,0,0,0,0,0"
"NC,20200528,4,4,0,0,0"
"PV,20200528,7,5,0,0,2"
"RI,20200528,0,0,0,0,0"
"VC,20200528,8,8,0,0,0"
"AN,20200529,11,11,0,0,0"
"AR,20200529,15,15,0,0,0"
"AS,20200529,1,1,0,0,0"
"CB,20200529,2,2,0,0,0"
"CE,20200529,2,2,0,0,0"
"CL,20200529,30,29,0,1,0"
"CM,20200529,38,31,0,6,1"
"CN,20200529,1,1,0,0,0"
"CT,20200529,115,82,0,32,1"
"EX,20200529,8,3,5,0,0"
"GA,20200529,2,1,1,0,0"
"IB,20200529,4,3,1,0,0"
"MC,20200529,1,1,0,0,0"
"MD,20200529,80,80,0,0,0"
"ML,20200529,0,0,0,0,0"
"NC,20200529,6,6,0,0,0"
"PV,20200529,2,1,0,0,1"
"RI,20200529,2,2,0,0,0"
"VC,20200529,7,7,0,0,0"
"AN,20200530,15,15,0,0,0"
"AR,20200530,4,3,0,1,0"
"AS,20200530,3,3,0,0,0"
"CB,20200530,1,1,0,0,0"
"CE,20200530,3,3,0,0,0"
"CL,20200530,33,32,1,0,0"
"CM,20200530,31,30,0,1,0"
"CN,20200530,1,1,0,0,0"
"CT,20200530,178,154,0,24,0"
"EX,20200530,6,0,6,0,0"
"GA,20200530,3,3,0,0,0"
"IB,20200530,2,2,0,0,0"
"MC,20200530,1,1,0,0,0"
"MD,20200530,94,94,0,0,0"
"ML,20200530,0,0,0,0,0"
"NC,20200530,7,7,0,0,0"
"PV,20200530,6,2,0,0,4"
"RI,20200530,1,1,0,0,0"
"VC,20200530,10,10,0,0,0"
"AN,20200531,8,8,0,0,0"
"AR,20200531,9,9,0,0,0"
"AS,20200531,1,1,0,0,0"
"CB,20200531,1,1,0,0,0"
"CE,20200531,0,0,0,0,0"
"CL,20200531,13,13,0,0,0"
"CM,20200531,14,13,0,1,0"
"CN,20200531,5,5,0,0,0"
"CT,20200531,62,62,0,0,0"
"EX,20200531,2,1,1,0,0"
"GA,20200531,1,1,0,0,0"
"IB,20200531,3,3,0,0,0"
"MC,20200531,0,0,0,0,0"
"MD,20200531,51,51,0,0,0"
"ML,20200531,0,0,0,0,0"
"NC,20200531,1,1,0,0,0"
"PV,20200531,4,4,0,0,0"
"RI,20200531,1,1,0,0,0"
"VC,20200531,9,9,0,0,0"
"AN,20200601,10,10,0,0,0"
"AR,20200601,6,6,0,0,0"
"AS,20200601,1,1,0,0,0"
"CB,20200601,4,4,0,0,0"
"CE,20200601,0,0,0,0,0"
"CL,20200601,17,17,0,0,0"
"CM,20200601,17,17,0,0,0"
"CN,20200601,2,2,0,0,0"
"CT,20200601,78,77,0,1,0"
"EX,20200601,3,2,1,0,0"
"GA,20200601,1,1,0,0,0"
"IB,20200601,3,2,1,0,0"
"MC,20200601,1,1,0,0,0"
"MD,20200601,69,69,0,0,0"
"ML,20200601,0,0,0,0,0"
"NC,20200601,1,1,0,0,0"
"PV,20200601,9,9,0,0,0"
"RI,20200601,3,3,0,0,0"
"VC,20200601,13,13,0,0,0"
"AN,20200602,3,3,0,0,0"
"AR,20200602,12,11,0,1,0"
"AS,20200602,0,0,0,0,0"
"CB,20200602,1,1,0,0,0"
"CE,20200602,2,2,0,0,0"
"CL,20200602,25,25,0,0,0"
"CM,20200602,28,27,0,1,0"
"CN,20200602,2,2,0,0,0"
"CT,20200602,99,87,0,12,0"
"EX,20200602,10,4,5,1,0"
"GA,20200602,2,2,0,0,0"
"IB,20200602,3,3,0,0,0"
"MC,20200602,2,2,0,0,0"
"MD,20200602,103,103,0,0,0"
"ML,20200602,0,0,0,0,0"
"NC,20200602,1,1,0,0,0"
"PV,20200602,14,13,0,0,1"
"RI,20200602,0,0,0,0,0"
"VC,20200602,10,10,0,0,0"
"AN,20200603,11,11,0,0,0"
"AR,20200603,13,13,0,0,0"
"AS,20200603,0,0,0,0,0"
"CB,20200603,0,0,0,0,0"
"CE,20200603,0,0,0,0,0"
"CL,20200603,26,26,0,0,0"
"CM,20200603,24,24,0,0,0"
"CN,20200603,0,0,0,0,0"
"CT,20200603,109,78,0,31,0"
"EX,20200603,8,2,6,0,0"
"GA,20200603,1,1,0,0,0"
"IB,20200603,1,1,0,0,0"
"MC,20200603,1,1,0,0,0"
"MD,20200603,79,79,0,0,0"
"ML,20200603,0,0,0,0,0"
"NC,20200603,5,5,0,0,0"
"PV,20200603,12,9,0,0,3"
"RI,20200603,2,2,0,0,0"
"VC,20200603,10,10,0,0,0"
"AN,20200604,3,3,0,0,0"
"AR,20200604,4,3,0,1,0"
"AS,20200604,0,0,0,0,0"
"CB,20200604,0,0,0,0,0"
"CE,20200604,0,0,0,0,0"
"CL,20200604,20,18,0,2,0"
"CM,20200604,24,23,0,1,0"
"CN,20200604,2,2,0,0,0"
"CT,20200604,132,84,0,48,0"
"EX,20200604,4,3,1,0,0"
"GA,20200604,3,3,0,0,0"
"IB,20200604,3,3,0,0,0"
"MC,20200604,1,1,0,0,0"
"MD,20200604,91,91,0,0,0"
"ML,20200604,0,0,0,0,0"
"NC,20200604,4,4,0,0,0"
"PV,20200604,13,11,0,0,2"
"RI,20200604,0,0,0,0,0"
"VC,20200604,5,5,0,0,0"
"AN,20200605,5,5,0,0,0"
"AR,20200605,7,7,0,0,0"
"AS,20200605,4,4,0,0,0"
"CB,20200605,5,5,0,0,0"
"CE,20200605,0,0,0,0,0"
"CL,20200605,19,19,0,0,0"
"CM,20200605,16,15,0,0,1"
"CN,20200605,1,1,0,0,0"
"CT,20200605,96,54,0,42,0"
"EX,20200605,0,0,0,0,0"
"GA,20200605,1,1,0,0,0"
"IB,20200605,2,2,0,0,0"
"MC,20200605,1,1,0,0,0"
"MD,20200605,87,87,0,0,0"
"ML,20200605,0,0,0,0,0"
"NC,20200605,3,3,0,0,0"
"PV,20200605,16,14,0,0,2"
"RI,20200605,3,3,0,0,0"
"VC,20200605,9,9,0,0,0"
"AN,20200606,3,3,0,0,0"
"AR,20200606,4,4,0,0,0"
"AS,20200606,2,2,0,0,0"
"CB,20200606,2,2,0,0,0"
"CE,20200606,0,0,0,0,0"
"CL,20200606,21,20,0,1,0"
"CM,20200606,19,17,0,1,1"
"CN,20200606,3,3,0,0,0"
"CT,20200606,104,74,0,30,0"
"EX,20200606,1,1,0,0,0"
"GA,20200606,1,1,0,0,0"
"IB,20200606,4,4,0,0,0"
"MC,20200606,3,3,0,0,0"
"MD,20200606,112,112,0,0,0"
"ML,20200606,0,0,0,0,0"
"NC,20200606,1,1,0,0,0"
"PV,20200606,22,20,0,0,2"
"RI,20200606,1,1,0,0,0"
"VC,20200606,11,11,0,0,0"
"AN,20200607,3,3,0,0,0"
"AR,20200607,8,8,0,0,0"
"AS,20200607,0,0,0,0,0"
"CB,20200607,4,4,0,0,0"
"CE,20200607,0,0,0,0,0"
"CL,20200607,10,9,0,1,0"
"CM,20200607,12,10,0,0,2"
"CN,20200607,1,1,0,0,0"
"CT,20200607,41,36,0,4,1"
"EX,20200607,5,2,3,0,0"
"GA,20200607,2,1,0,0,1"
"IB,20200607,4,4,0,0,0"
"MC,20200607,0,0,0,0,0"
"MD,20200607,26,26,0,0,0"
"ML,20200607,0,0,0,0,0"
"NC,20200607,2,2,0,0,0"
"PV,20200607,21,13,0,0,8"
"RI,20200607,1,1,0,0,0"
"VC,20200607,4,4,0,0,0"
"AN,20200608,3,3,0,0,0"
"AR,20200608,3,3,0,0,0"
"AS,20200608,0,0,0,0,0"
"CB,20200608,1,1,0,0,0"
"CE,20200608,0,0,0,0,0"
"CL,20200608,14,14,0,0,0"
"CM,20200608,12,12,0,0,0"
"CN,20200608,1,1,0,0,0"
"CT,20200608,60,59,0,1,0"
"EX,20200608,0,0,0,0,0"
"GA,20200608,2,2,0,0,0"
"IB,20200608,3,3,0,0,0"
"MC,20200608,0,0,0,0,0"
"MD,20200608,47,47,0,0,0"
"ML,20200608,0,0,0,0,0"
"NC,20200608,0,0,0,0,0"
"PV,20200608,15,14,0,0,1"
"RI,20200608,1,1,0,0,0"
"VC,20200608,3,3,0,0,0"
"AN,20200609,4,4,0,0,0"
"AR,20200609,4,4,0,0,0"
"AS,20200609,0,0,0,0,0"
"CB,20200609,1,1,0,0,0"
"CE,20200609,0,0,0,0,0"
"CL,20200609,11,11,0,0,0"
"CM,20200609,8,8,0,0,0"
"CN,20200609,3,3,0,0,0"
"CT,20200609,64,41,0,23,0"
"EX,20200609,2,2,0,0,0"
"GA,20200609,1,1,0,0,0"
"IB,20200609,4,4,0,0,0"
"MC,20200609,2,2,0,0,0"
"MD,20200609,96,96,0,0,0"
"ML,20200609,1,1,0,0,0"
"NC,20200609,3,3,0,0,0"
"PV,20200609,14,13,0,0,1"
"RI,20200609,1,1,0,0,0"
"VC,20200609,7,7,0,0,0"
"AN,20200610,6,6,0,0,0"
"AR,20200610,4,4,0,0,0"
"AS,20200610,0,0,0,0,0"
"CB,20200610,3,2,1,0,0"
"CE,20200610,0,0,0,0,0"
"CL,20200610,37,36,0,1,0"
"CM,20200610,22,22,0,0,0"
"CN,20200610,2,2,0,0,0"
"CT,20200610,63,50,0,13,0"
"EX,20200610,1,1,0,0,0"
"GA,20200610,0,0,0,0,0"
"IB,20200610,3,3,0,0,0"
"MC,20200610,2,2,0,0,0"
"MD,20200610,72,72,0,0,0"
"ML,20200610,0,0,0,0,0"
"NC,20200610,6,6,0,0,0"
"PV,20200610,9,9,0,0,0"
"RI,20200610,0,0,0,0,0"
"VC,20200610,6,6,0,0,0"
"AN,20200611,5,5,0,0,0"
"AR,20200611,4,4,0,0,0"
"AS,20200611,0,0,0,0,0"
"CB,20200611,2,2,0,0,0"
"CE,20200611,0,0,0,0,0"
"CL,20200611,19,19,0,0,0"
"CM,20200611,10,10,0,0,0"
"CN,20200611,15,14,0,0,1"
"CT,20200611,72,54,0,18,0"
"EX,20200611,6,6,0,0,0"
"GA,20200611,4,4,0,0,0"
"IB,20200611,5,5,0,0,0"
"MC,20200611,1,1,0,0,0"
"MD,20200611,69,69,0,0,0"
"ML,20200611,0,0,0,0,0"
"NC,20200611,2,2,0,0,0"
"PV,20200611,9,9,0,0,0"
"RI,20200611,0,0,0,0,0"
"VC,20200611,7,7,0,0,0"
"AN,20200612,18,18,0,0,0"
"AR,20200612,12,12,0,0,0"
"AS,20200612,0,0,0,0,0"
"CB,20200612,1,1,0,0,0"
"CE,20200612,0,0,0,0,0"
"CL,20200612,16,16,0,0,0"
"CM,20200612,13,13,0,0,0"
"CN,20200612,1,1,0,0,0"
"CT,20200612,75,61,0,14,0"
"EX,20200612,1,1,0,0,0"
"GA,20200612,2,2,0,0,0"
"IB,20200612,6,6,0,0,0"
"MC,20200612,1,1,0,0,0"
"MD,20200612,83,83,0,0,0"
"ML,20200612,0,0,0,0,0"
"NC,20200612,3,3,0,0,0"
"PV,20200612,7,7,0,0,0"
"RI,20200612,1,1,0,0,0"
"VC,20200612,10,10,0,0,0"
"AN,20200613,7,7,0,0,0"
"AR,20200613,18,18,0,0,0"
"AS,20200613,0,0,0,0,0"
"CB,20200613,0,0,0,0,0"
"CE,20200613,0,0,0,0,0"
"CL,20200613,11,10,0,1,0"
"CM,20200613,12,12,0,0,0"
"CN,20200613,2,2,0,0,0"
"CT,20200613,69,54,0,15,0"
"EX,20200613,1,1,0,0,0"
"GA,20200613,0,0,0,0,0"
"IB,20200613,8,8,0,0,0"
"MC,20200613,2,2,0,0,0"
"MD,20200613,50,50,0,0,0"
"ML,20200613,0,0,0,0,0"
"NC,20200613,4,4,0,0,0"
"PV,20200613,10,10,0,0,0"
"RI,20200613,1,1,0,0,0"
"VC,20200613,7,7,0,0,0"
"AN,20200614,8,8,0,0,0"
"AR,20200614,26,25,0,1,0"
"AS,20200614,0,0,0,0,0"
"CB,20200614,2,2,0,0,0"
"CE,20200614,0,0,0,0,0"
"CL,20200614,19,17,0,2,0"
"CM,20200614,22,22,0,0,0"
"CN,20200614,12,12,0,0,0"
"CT,20200614,39,38,0,1,0"
"EX,20200614,1,1,0,0,0"
"GA,20200614,6,6,0,0,0"
"IB,20200614,3,3,0,0,0"
"MC,20200614,5,5,0,0,0"
"MD,20200614,44,44,0,0,0"
"ML,20200614,0,0,0,0,0"
"NC,20200614,4,4,0,0,0"
"PV,20200614,3,3,0,0,0"
"RI,20200614,0,0,0,0,0"
"VC,20200614,4,4,0,0,0"
"AN,20200615,6,6,0,0,0"
"AR,20200615,36,36,0,0,0"
"AS,20200615,0,0,0,0,0"
"CB,20200615,2,2,0,0,0"
"CE,20200615,0,0,0,0,0"
"CL,20200615,11,11,0,0,0"
"CM,20200615,22,22,0,0,0"
"CN,20200615,0,0,0,0,0"
"CT,20200615,46,45,0,1,0"
"EX,20200615,7,7,0,0,0"
"GA,20200615,2,2,0,0,0"
"IB,20200615,1,1,0,0,0"
"MC,20200615,4,4,0,0,0"
"MD,20200615,38,38,0,0,0"
"ML,20200615,2,0,0,0,2"
"NC,20200615,18,18,0,0,0"
"PV,20200615,11,11,0,0,0"
"RI,20200615,0,0,0,0,0"
"VC,20200615,9,9,0,0,0"
"AN,20200616,8,8,0,0,0"
"AR,20200616,46,46,0,0,0"
"AS,20200616,0,0,0,0,0"
"CB,20200616,0,0,0,0,0"
"CE,20200616,0,0,0,0,0"
"CL,20200616,19,19,0,0,0"
"CM,20200616,5,5,0,0,0"
"CN,20200616,0,0,0,0,0"
"CT,20200616,70,53,0,17,0"
"EX,20200616,1,1,0,0,0"
"GA,20200616,0,0,0,0,0"
"IB,20200616,3,3,0,0,0"
"MC,20200616,0,0,0,0,0"
"MD,20200616,32,32,0,0,0"
"ML,20200616,0,0,0,0,0"
"NC,20200616,16,16,0,0,0"
"PV,20200616,7,7,0,0,0"
"RI,20200616,1,1,0,0,0"
"VC,20200616,5,5,0,0,0"
"AN,20200617,13,13,0,0,0"
"AR,20200617,47,47,0,0,0"
"AS,20200617,0,0,0,0,0"
"CB,20200617,2,2,0,0,0"
"CE,20200617,0,0,0,0,0"
"CL,20200617,24,23,0,1,0"
"CM,20200617,4,4,0,0,0"
"CN,20200617,6,6,0,0,0"
"CT,20200617,106,83,0,23,0"
"EX,20200617,6,6,0,0,0"
"GA,20200617,2,2,0,0,0"
"IB,20200617,2,2,0,0,0"
"MC,20200617,2,2,0,0,0"
"MD,20200617,57,57,0,0,0"
"ML,20200617,0,0,0,0,0"
"NC,20200617,8,8,0,0,0"
"PV,20200617,6,6,0,0,0"
"RI,20200617,0,0,0,0,0"
"VC,20200617,9,9,0,0,0"
"AN,20200618,69,69,0,0,0"
"AR,20200618,52,50,0,1,1"
"AS,20200618,0,0,0,0,0"
"CB,20200618,4,4,0,0,0"
"CE,20200618,0,0,0,0,0"
"CL,20200618,16,16,0,0,0"
"CM,20200618,14,14,0,0,0"
"CN,20200618,1,1,0,0,0"
"CT,20200618,59,59,0,0,0"
"EX,20200618,4,4,0,0,0"
"GA,20200618,9,9,0,0,0"
"IB,20200618,1,1,0,0,0"
"MC,20200618,3,3,0,0,0"
"MD,20200618,42,42,0,0,0"
"ML,20200618,0,0,0,0,0"
"NC,20200618,6,6,0,0,0"
"PV,20200618,16,16,0,0,0"
"RI,20200618,1,1,0,0,0"
"VC,20200618,1,1,0,0,0"
"AN,20200619,20,20,0,0,0"
"AR,20200619,69,69,0,0,0"
"AS,20200619,0,0,0,0,0"
"CB,20200619,0,0,0,0,0"
"CE,20200619,0,0,0,0,0"
"CL,20200619,22,19,0,3,0"
"CM,20200619,12,12,0,0,0"
"CN,20200619,2,2,0,0,0"
"CT,20200619,91,61,0,30,0"
"EX,20200619,5,5,0,0,0"
"GA,20200619,3,3,0,0,0"
"IB,20200619,1,1,0,0,0"
"MC,20200619,2,2,0,0,0"
"MD,20200619,49,49,0,0,0"
"ML,20200619,0,0,0,0,0"
"NC,20200619,6,6,0,0,0"
"PV,20200619,9,9,0,0,0"
"RI,20200619,0,0,0,0,0"
"VC,20200619,4,4,0,0,0"
"AN,20200620,20,20,0,0,0"
"AR,20200620,21,21,0,0,0"
"AS,20200620,0,0,0,0,0"
"CB,20200620,5,5,0,0,0"
"CE,20200620,0,0,0,0,0"
"CL,20200620,19,19,0,0,0"
"CM,20200620,17,17,0,0,0"
"CN,20200620,0,0,0,0,0"
"CT,20200620,158,130,0,28,0"
"EX,20200620,0,0,0,0,0"
"GA,20200620,7,7,0,0,0"
"IB,20200620,9,9,0,0,0"
"MC,20200620,4,4,0,0,0"
"MD,20200620,44,44,0,0,0"
"ML,20200620,0,0,0,0,0"
"NC,20200620,4,4,0,0,0"
"PV,20200620,7,7,0,0,0"
"RI,20200620,1,1,0,0,0"
"VC,20200620,4,4,0,0,0"
"AN,20200621,17,17,0,0,0"
"AR,20200621,52,52,0,0,0"
"AS,20200621,0,0,0,0,0"
"CB,20200621,2,2,0,0,0"
"CE,20200621,0,0,0,0,0"
"CL,20200621,16,16,0,0,0"
"CM,20200621,16,16,0,0,0"
"CN,20200621,0,0,0,0,0"
"CT,20200621,76,76,0,0,0"
"EX,20200621,1,1,0,0,0"
"GA,20200621,6,6,0,0,0"
"IB,20200621,1,1,0,0,0"
"MC,20200621,2,2,0,0,0"
"MD,20200621,31,31,0,0,0"
"ML,20200621,0,0,0,0,0"
"NC,20200621,8,8,0,0,0"
"PV,20200621,4,4,0,0,0"
"RI,20200621,0,0,0,0,0"
"VC,20200621,8,8,0,0,0"
"AN,20200622,30,30,0,0,0"
"AR,20200622,23,23,0,0,0"
"AS,20200622,0,0,0,0,0"
"CB,20200622,1,1,0,0,0"
"CE,20200622,0,0,0,0,0"
"CL,20200622,6,6,0,0,0"
"CM,20200622,8,8,0,0,0"
"CN,20200622,0,0,0,0,0"
"CT,20200622,74,74,0,0,0"
"EX,20200622,1,1,0,0,0"
"GA,20200622,6,6,0,0,0"
"IB,20200622,3,3,0,0,0"
"MC,20200622,5,5,0,0,0"
"MD,20200622,14,14,0,0,0"
"ML,20200622,0,0,0,0,0"
"NC,20200622,8,8,0,0,0"
"PV,20200622,5,5,0,0,0"
"RI,20200622,0,0,0,0,0"
"VC,20200622,5,5,0,0,0"
"AN,20200623,12,12,0,0,0"
"AR,20200623,12,12,0,0,0"
"AS,20200623,0,0,0,0,0"
"CB,20200623,1,1,0,0,0"
"CE,20200623,0,0,0,0,0"
"CL,20200623,7,7,0,0,0"
"CM,20200623,6,6,0,0,0"
"CN,20200623,0,0,0,0,0"
"CT,20200623,57,53,0,4,0"
"EX,20200623,2,1,1,0,0"
"GA,20200623,6,6,0,0,0"
"IB,20200623,5,5,0,0,0"
"MC,20200623,7,7,0,0,0"
"MD,20200623,45,45,0,0,0"
"ML,20200623,0,0,0,0,0"
"NC,20200623,3,3,0,0,0"
"PV,20200623,3,3,0,0,0"
"RI,20200623,1,1,0,0,0"
"VC,20200623,4,4,0,0,0"
"AN,20200624,11,11,0,0,0"
"AR,20200624,13,13,0,0,0"
"AS,20200624,0,0,0,0,0"
"CB,20200624,2,2,0,0,0"
"CE,20200624,0,0,0,0,0"
"CL,20200624,2,2,0,0,0"
"CM,20200624,5,5,0,0,0"
"CN,20200624,1,1,0,0,0"
"CT,20200624,34,34,0,0,0"
"EX,20200624,0,0,0,0,0"
"GA,20200624,0,0,0,0,0"
"IB,20200624,0,0,0,0,0"
"MC,20200624,4,4,0,0,0"
"MD,20200624,7,7,0,0,0"
"ML,20200624,0,0,0,0,0"
"NC,20200624,5,5,0,0,0"
"PV,20200624,1,1,0,0,0"
"RI,20200624,0,0,0,0,0"
"VC,20200624,2,2,0,0,0"
"AN,20200625,4,4,0,0,0"
"AR,20200625,8,8,0,0,0"
"AS,20200625,0,0,0,0,0"
"CB,20200625,0,0,0,0,0"
"CE,20200625,0,0,0,0,0"
"CL,20200625,3,3,0,0,0"
"CM,20200625,4,4,0,0,0"
"CN,20200625,0,0,0,0,0"
"CT,20200625,26,26,0,0,0"
"EX,20200625,1,1,0,0,0"
"GA,20200625,1,1,0,0,0"
"IB,20200625,0,0,0,0,0"
"MC,20200625,0,0,0,0,0"
"MD,20200625,12,12,0,0,0"
"ML,20200625,0,0,0,0,0"
"NC,20200625,3,3,0,0,0"
"PV,20200625,0,0,0,0,0"
"RI,20200625,0,0,0,0,0"
"VC,20200625,3,3,0,0,0"
"AN,20200626,6,6,0,0,0"
"AR,20200626,1,1,0,0,0"
"AS,20200626,0,0,0,0,0"
"CB,20200626,1,1,0,0,0"
"CE,20200626,0,0,0,0,0"
"CL,20200626,1,1,0,0,0"
"CM,20200626,0,0,0,0,0"
"CN,20200626,0,0,0,0,0"
"CT,20200626,9,9,0,0,0"
"EX,20200626,1,0,0,1,0"
"GA,20200626,1,1,0,0,0"
"IB,20200626,0,0,0,0,0"
"MC,20200626,1,1,0,0,0"
"MD,20200626,6,6,0,0,0"
"ML,20200626,0,0,0,0,0"
"NC,20200626,2,2,0,0,0"
"PV,20200626,1,1,0,0,0"
"RI,20200626,0,0,0,0,0"
"VC,20200626,1,1,0,0,0"
"AN,20200627,1,1,0,0,0"
"AR,20200627,1,1,0,0,0"
"AS,20200627,0,0,0,0,0"
"CB,20200627,0,0,0,0,0"
"CE,20200627,0,0,0,0,0"
"CL,20200627,1,1,0,0,0"
"CM,20200627,1,1,0,0,0"
"CN,20200627,0,0,0,0,0"
"CT,20200627,1,1,0,0,0"
"EX,20200627,1,1,0,0,0"
"GA,20200627,0,0,0,0,0"
"IB,20200627,0,0,0,0,0"
"MC,20200627,1,1,0,0,0"
"MD,20200627,4,4,0,0,0"
"ML,20200627,0,0,0,0,0"
"NC,20200627,1,1,0,0,0"
"PV,20200627,1,1,0,0,0"
"RI,20200627,0,0,0,0,0"
"VC,20200627,0,0,0,0,0"
"AN,20200628,0,0,0,0,0"
"AR,20200628,0,0,0,0,0"
"AS,20200628,0,0,0,0,0"
"CB,20200628,0,0,0,0,0"
"CE,20200628,0,0,0,0,0"
"CL,20200628,1,1,0,0,0"
"CM,20200628,0,0,0,0,0"
"CN,20200628,0,0,0,0,0"
"CT,20200628,1,1,0,0,0"
"EX,20200628,1,1,0,0,0"
"GA,20200628,2,2,0,0,0"
"IB,20200628,1,1,0,0,0"
"MC,20200628,0,0,0,0,0"
"MD,20200628,3,3,0,0,0"
"ML,20200628,0,0,0,0,0"
"NC,20200628,0,0,0,0,0"
"PV,20200628,0,0,0,0,0"
"RI,20200628,0,0,0,0,0"
"VC,20200628,0,0,0,0,0"
